Stage,Level,Total XP in Current Stage,Global Cumulative XP
Prestige 1,1,1200,1200
Prestige 1,2,3900,3900
Prestige 1,3,8100,8100
Prestige 1,4,14400,14400
Prestige 1,5,22800,22800
Prestige 1,6,33600,33600
Prestige 1,7,47100,47100
Prestige 1,8,63300,63300
Prestige 1,9,82800,82800
Prestige 1,10,105600,105600
Prestige 1,11,132000,132000
Prestige 1,12,162300,162300
Prestige 1,13,196500,196500
Prestige 1,14,235200,235200
Prestige 1,15,278400,278400
Prestige 1,16,326400,326400
Prestige 1,17,379500,379500
Prestige 1,18,437700,437700
Prestige 1,19,501600,501600
Prestige 1,20,571200,571200
Prestige 1,21,646800,646800
Prestige 1,22,728700,728700
Prestige 1,23,816900,816900
Prestige 1,24,912000,912000
Prestige 1,25,1014000,1014000
Prestige 1,26,1123200,1123200
Prestige 1,27,1239900,1239900
Prestige 1,28,1364100,1364100
Prestige 1,29,1497000,1497000
Prestige 1,30,1639200,1639200
Prestige 1,31,1791600,1791600
Prestige 1,32,1955700,1955700
Prestige 1,33,2131500,2131500
Prestige 1,34,2319900,2319900
Prestige 1,35,2520900,2520900
Prestige 1,36,2735700,2735700
Prestige 1,37,2964000,2964000
Prestige 1,38,3206400,3206400
Prestige 1,39,3463500,3463500
Prestige 1,40,3735600,3735600
Prestige 1,41,4023000,4023000
Prestige 1,42,4326000,4326000
Prestige 1,43,4644900,4644900
Prestige 1,44,4980300,4980300
Prestige 1,45,5332500,5332500
Prestige 1,46,5702100,5702100
Prestige 1,47,6089400,6089400
Prestige 1,48,6494700,6494700
Prestige 1,49,6918300,6918300
Prestige 1,50,7360800,7360800
Prestige 1,51,7822500,7822500
Prestige 1,52,8303700,8303700
Prestige 1,53,8805000,8805000
Prestige 1,54,9326700,9326700
Prestige 1,55,9869100,9869100
Prestige 1,56,10432800,10432800
Prestige 1,57,11017800,11017800
Prestige 1,58,11624700,11624700
Prestige 1,59,12254100,12254100
Prestige 1,60,12915600,12915600
Prestige 1,61,13614600,13614600
Prestige 1,62,14342100,14342100
Prestige 1,63,15092100,15092100
Prestige 1,64,15875100,15875100
Prestige 1,65,16687500,16687500
Prestige 1,66,17529300,17529300
Prestige 1,67,18400500,18400500
Prestige 1,68,19301100,19301100
Prestige 1,69,20231100,20231100
Prestige 1,70,21190500,21190500
Prestige 1,71,22179300,22179300
Prestige 1,72,23197500,23197500
Prestige 1,73,24245100,24245100
Prestige 1,74,25322100,25322100
Prestige 1,75,26428500,26428500
Prestige 1,76,27564300,27564300
Prestige 1,77,28729500,28729500
Prestige 1,78,29924100,29924100
Prestige 1,79,31148100,31148100
Prestige 1,80,32401500,32401500
Prestige 1,81,33684300,33684300
Prestige 1,82,34996500,34996500
Prestige 1,83,36338100,36338100
Prestige 1,84,37709100,37709100
Prestige 1,85,39109500,39109500
Prestige 1,86,40539300,40539300
Prestige 1,87,41998500,41998500
Prestige 1,88,43487100,43487100
Prestige 1,89,45005100,45005100
Prestige 1,90,46552500,46552500
Prestige 2,1,1200,46553700
Prestige 2,2,3900,46556400
Prestige 2,3,8100,46560600
Prestige 2,4,14400,46566900
Prestige 2,5,22800,46575300
Prestige 2,6,33600,46586100
Prestige 2,7,47100,46599600
Prestige 2,8,63300,46615800
Prestige 2,9,82800,46635300
Prestige 2,10,105600,46658100
Prestige 2,11,132000,46684500
Prestige 2,12,162300,46714800
Prestige 2,13,196500,46749000
Prestige 2,14,235200,46787700
Prestige 2,15,278400,46830900
Prestige 2,16,326400,46878900
Prestige 2,17,379500,46932000
Prestige 2,18,437700,46990200
Prestige 2,19,501600,47054100
Prestige 2,20,571200,47123700
Prestige 2,21,646800,47199300
Prestige 2,22,728700,47281200
Prestige 2,23,816900,47369400
Prestige 2,24,912000,47464500
Prestige 2,25,1014000,47566500
Prestige 2,26,1123200,47675700
Prestige 2,27,1239900,47792400
Prestige 2,28,1364100,47916600
Prestige 2,29,1497000,48049500
Prestige 2,30,1639200,48191700
Prestige 2,31,1791600,48344100
Prestige 2,32,1955700,48508200
Prestige 2,33,2131500,48684000
Prestige 2,34,2319900,48872400
Prestige 2,35,2520900,49073400
Prestige 2,36,2735700,49288200
Prestige 2,37,2964000,49516500
Prestige 2,38,3206400,49758900
Prestige 2,39,3463500,50016000
Prestige 2,40,3735600,50288100
Prestige 2,41,4023000,50575500
Prestige 2,42,4326000,50878500
Prestige 2,43,4644900,51197400
Prestige 2,44,4980300,51532800
Prestige 2,45,5332500,51885000
Prestige 2,46,5702100,52254600
Prestige 2,47,6089400,52641900
Prestige 2,48,6494700,53047200
Prestige 2,49,6918300,53470800
Prestige 2,50,7360800,53913300
Prestige 2,51,7822500,54375000
Prestige 2,52,8303700,54856200
Prestige 2,53,8805000,55357500
Prestige 2,54,9326700,55879200
Prestige 2,55,9869100,56421600
Prestige 2,56,10432800,56985300
Prestige 2,57,11017800,57570300
Prestige 2,58,11624700,58177200
Prestige 2,59,12254100,58806600
Prestige 2,60,12915600,59468100
Prestige 2,61,13614600,60167100
Prestige 2,62,14342100,60894600
Prestige 2,63,15092100,61644600
Prestige 2,64,15875100,62427600
Prestige 2,65,16687500,63240000
Prestige 2,66,17529300,64081800
Prestige 2,67,18400500,64953000
Prestige 2,68,19301100,65853600
Prestige 2,69,20231100,66783600
Prestige 2,70,21190500,67743000
Prestige 2,71,22179300,68731800
Prestige 2,72,23197500,69750000
Prestige 2,73,24245100,70797600
Prestige 2,74,25322100,71874600
Prestige 2,75,26428500,72981000
Prestige 2,76,27564300,74116800
Prestige 2,77,28729500,75282000
Prestige 2,78,29924100,76476600
Prestige 2,79,31148100,77700600
Prestige 2,80,32401500,78954000
Prestige 2,81,33684300,80236800
Prestige 2,82,34996500,81549000
Prestige 2,83,36338100,82890600
Prestige 2,84,37709100,84261600
Prestige 2,85,39109500,85662000
Prestige 2,86,40539300,87091800
Prestige 2,87,41998500,88551000
Prestige 2,88,43487100,90039600
Prestige 2,89,45005100,91557600
Prestige 2,90,46552500,93105000
Prestige 3,1,1200,93106200
Prestige 3,2,3900,93108900
Prestige 3,3,8100,93113100
Prestige 3,4,14400,93119400
Prestige 3,5,22800,93127800
Prestige 3,6,33600,93138600
Prestige 3,7,47100,93152100
Prestige 3,8,63300,93168300
Prestige 3,9,82800,93187800
Prestige 3,10,105600,93210600
Prestige 3,11,132000,93237000
Prestige 3,12,162300,93267300
Prestige 3,13,196500,93301500
Prestige 3,14,235200,93340200
Prestige 3,15,278400,93383400
Prestige 3,16,326400,93431400
Prestige 3,17,379500,93484500
Prestige 3,18,437700,93542700
Prestige 3,19,501600,93606600
Prestige 3,20,571200,93676200
Prestige 3,21,646800,93751800
Prestige 3,22,728700,93833700
Prestige 3,23,816900,93921900
Prestige 3,24,912000,94017000
Prestige 3,25,1014000,94119000
Prestige 3,26,1123200,94228200
Prestige 3,27,1239900,94344900
Prestige 3,28,1364100,94469100
Prestige 3,29,1497000,94602000
Prestige 3,30,1639200,94744200
Prestige 3,31,1791600,94896600
Prestige 3,32,1955700,95060700
Prestige 3,33,2131500,95236500
Prestige 3,34,2319900,95424900
Prestige 3,35,2520900,95625900
Prestige 3,36,2735700,95840700
Prestige 3,37,2964000,96069000
Prestige 3,38,3206400,96311400
Prestige 3,39,3463500,96568500
Prestige 3,40,3735600,96840600
Prestige 3,41,4023000,97128000
Prestige 3,42,4326000,97431000
Prestige 3,43,4644900,97749900
Prestige 3,44,4980300,98085300
Prestige 3,45,5332500,98437500
Prestige 3,46,5702100,98807100
Prestige 3,47,6089400,99194400
Prestige 3,48,6494700,99599700
Prestige 3,49,6918300,100023300
Prestige 3,50,7360800,100465800
Prestige 3,51,7822500,100927500
Prestige 3,52,8303700,101408700
Prestige 3,53,8805000,101910000
Prestige 3,54,9326700,102431700
Prestige 3,55,9869100,102974100
Prestige 3,56,10432800,103537800
Prestige 3,57,11017800,104122800
Prestige 3,58,11624700,104729700
Prestige 3,59,12254100,105359100
Prestige 3,60,12915600,106020600
Prestige 3,61,13614600,106719600
Prestige 3,62,14342100,107447100
Prestige 3,63,15092100,108197100
Prestige 3,64,15875100,108980100
Prestige 3,65,16687500,109792500
Prestige 3,66,17529300,110634300
Prestige 3,67,18400500,111505500
Prestige 3,68,19301100,112406100
Prestige 3,69,20231100,113336100
Prestige 3,70,21190500,114295500
Prestige 3,71,22179300,115284300
Prestige 3,72,23197500,116302500
Prestige 3,73,24245100,117350100
Prestige 3,74,25322100,118427100
Prestige 3,75,26428500,119533500
Prestige 3,76,27564300,120669300
Prestige 3,77,28729500,121834500
Prestige 3,78,29924100,123029100
Prestige 3,79,31148100,124253100
Prestige 3,80,32401500,125506500
Prestige 3,81,33684300,126789300
Prestige 3,82,34996500,128101500
Prestige 3,83,36338100,129443100
Prestige 3,84,37709100,130814100
Prestige 3,85,39109500,132214500
Prestige 3,86,40539300,133644300
Prestige 3,87,41998500,135103500
Prestige 3,88,43487100,136592100
Prestige 3,89,45005100,138110100
Prestige 3,90,46552500,139657500
Prestige 4,1,1200,139658700
Prestige 4,2,3900,139661400
Prestige 4,3,8100,139665600
Prestige 4,4,14400,139671900
Prestige 4,5,22800,139680300
Prestige 4,6,33600,139691100
Prestige 4,7,47100,139704600
Prestige 4,8,63300,139720800
Prestige 4,9,82800,139740300
Prestige 4,10,105600,139763100
Prestige 4,11,132000,139789500
Prestige 4,12,162300,139819800
Prestige 4,13,196500,139854000
Prestige 4,14,235200,139892700
Prestige 4,15,278400,139935900
Prestige 4,16,326400,139983900
Prestige 4,17,379500,140037000
Prestige 4,18,437700,140095200
Prestige 4,19,501600,140159100
Prestige 4,20,571200,140228700
Prestige 4,21,646800,140304300
Prestige 4,22,728700,140386200
Prestige 4,23,816900,140474400
Prestige 4,24,912000,140569500
Prestige 4,25,1014000,140671500
Prestige 4,26,1123200,140780700
Prestige 4,27,1239900,140897400
Prestige 4,28,1364100,141021600
Prestige 4,29,1497000,141154500
Prestige 4,30,1639200,141296700
Prestige 4,31,1791600,141449100
Prestige 4,32,1955700,141613200
Prestige 4,33,2131500,141789000
Prestige 4,34,2319900,141977400
Prestige 4,35,2520900,142178400
Prestige 4,36,2735700,142393200
Prestige 4,37,2964000,142621500
Prestige 4,38,3206400,142863900
Prestige 4,39,3463500,143121000
Prestige 4,40,3735600,143393100
Prestige 4,41,4023000,143680500
Prestige 4,42,4326000,143983500
Prestige 4,43,4644900,144302400
Prestige 4,44,4980300,144637800
Prestige 4,45,5332500,144990000
Prestige 4,46,5702100,145359600
Prestige 4,47,6089400,145746900
Prestige 4,48,6494700,146152200
Prestige 4,49,6918300,146575800
Prestige 4,50,7360800,147018300
Prestige 4,51,7822500,147480000
Prestige 4,52,8303700,147961200
Prestige 4,53,8805000,148462500
Prestige 4,54,9326700,148984200
Prestige 4,55,9869100,149526600
Prestige 4,56,10432800,150090300
Prestige 4,57,11017800,150675300
Prestige 4,58,11624700,151282200
Prestige 4,59,12254100,151911600
Prestige 4,60,12915600,152573100
Prestige 4,61,13614600,153272100
Prestige 4,62,14342100,153999600
Prestige 4,63,15092100,154749600
Prestige 4,64,15875100,155532600
Prestige 4,65,16687500,156345000
Prestige 4,66,17529300,157186800
Prestige 4,67,18400500,158058000
Prestige 4,68,19301100,158958600
Prestige 4,69,20231100,159888600
Prestige 4,70,21190500,160848000
Prestige 4,71,22179300,161836800
Prestige 4,72,23197500,162855000
Prestige 4,73,24245100,163902600
Prestige 4,74,25322100,164979600
Prestige 4,75,26428500,166086000
Prestige 4,76,27564300,167221800
Prestige 4,77,28729500,168387000
Prestige 4,78,29924100,169581600
Prestige 4,79,31148100,170805600
Prestige 4,80,32401500,172059000
Prestige 4,81,33684300,173341800
Prestige 4,82,34996500,174654000
Prestige 4,83,36338100,175995600
Prestige 4,84,37709100,177366600
Prestige 4,85,39109500,178767000
Prestige 4,86,40539300,180196800
Prestige 4,87,41998500,181656000
Prestige 4,88,43487100,183144600
Prestige 4,89,45005100,184662600
Prestige 4,90,46552500,186210000
Prestige 5,1,1200,186211200
Prestige 5,2,3900,186213900
Prestige 5,3,8100,186218100
Prestige 5,4,14400,186224400
Prestige 5,5,22800,186232800
Prestige 5,6,33600,186243600
Prestige 5,7,47100,186257100
Prestige 5,8,63300,186273300
Prestige 5,9,82800,186292800
Prestige 5,10,105600,186315600
Prestige 5,11,132000,186342000
Prestige 5,12,162300,186372300
Prestige 5,13,196500,186406500
Prestige 5,14,235200,186445200
Prestige 5,15,278400,186488400
Prestige 5,16,326400,186536400
Prestige 5,17,379500,186589500
Prestige 5,18,437700,186647700
Prestige 5,19,501600,186711600
Prestige 5,20,571200,186781200
Prestige 5,21,646800,186856800
Prestige 5,22,728700,186938700
Prestige 5,23,816900,187026900
Prestige 5,24,912000,187122000
Prestige 5,25,1014000,187224000
Prestige 5,26,1123200,187333200
Prestige 5,27,1239900,187449900
Prestige 5,28,1364100,187574100
Prestige 5,29,1497000,187707000
Prestige 5,30,1639200,187849200
Prestige 5,31,1791600,188001600
Prestige 5,32,1955700,188165700
Prestige 5,33,2131500,188341500
Prestige 5,34,2319900,188529900
Prestige 5,35,2520900,188730900
Prestige 5,36,2735700,188945700
Prestige 5,37,2964000,189174000
Prestige 5,38,3206400,189416400
Prestige 5,39,3463500,189673500
Prestige 5,40,3735600,189945600
Prestige 5,41,4023000,190233000
Prestige 5,42,4326000,190536000
Prestige 5,43,4644900,190854900
Prestige 5,44,4980300,191190300
Prestige 5,45,5332500,191542500
Prestige 5,46,5702100,191912100
Prestige 5,47,6089400,192299400
Prestige 5,48,6494700,192704700
Prestige 5,49,6918300,193128300
Prestige 5,50,7360800,193570800
Prestige 5,51,7822500,194032500
Prestige 5,52,8303700,194513700
Prestige 5,53,8805000,195015000
Prestige 5,54,9326700,195536700
Prestige 5,55,9869100,196079100
Prestige 5,56,10432800,196642800
Prestige 5,57,11017800,197227800
Prestige 5,58,11624700,197834700
Prestige 5,59,12254100,198464100
Prestige 5,60,12915600,199125600
Prestige 5,61,13614600,199824600
Prestige 5,62,14342100,200552100
Prestige 5,63,15092100,201302100
Prestige 5,64,15875100,202085100
Prestige 5,65,16687500,202897500
Prestige 5,66,17529300,203739300
Prestige 5,67,18400500,204610500
Prestige 5,68,19301100,205511100
Prestige 5,69,20231100,206441100
Prestige 5,70,21190500,207400500
Prestige 5,71,22179300,208389300
Prestige 5,72,23197500,209407500
Prestige 5,73,24245100,210455100
Prestige 5,74,25322100,211532100
Prestige 5,75,26428500,212638500
Prestige 5,76,27564300,213774300
Prestige 5,77,28729500,214939500
Prestige 5,78,29924100,216134100
Prestige 5,79,31148100,217358100
Prestige 5,80,32401500,218611500
Prestige 5,81,33684300,219894300
Prestige 5,82,34996500,221206500
Prestige 5,83,36338100,222548100
Prestige 5,84,37709100,223919100
Prestige 5,85,39109500,225319500
Prestige 5,86,40539300,226749300
Prestige 5,87,41998500,228208500
Prestige 5,88,43487100,229697100
Prestige 5,89,45005100,231215100
Prestige 5,90,46552500,232762500
Prestige 6,1,1200,232763700
Prestige 6,2,3900,232766400
Prestige 6,3,8100,232770600
Prestige 6,4,14400,232776900
Prestige 6,5,22800,232785300
Prestige 6,6,33600,232796100
Prestige 6,7,47100,232809600
Prestige 6,8,63300,232825800
Prestige 6,9,82800,232845300
Prestige 6,10,105600,232868100
Prestige 6,11,132000,232894500
Prestige 6,12,162300,232924800
Prestige 6,13,196500,232959000
Prestige 6,14,235200,232997700
Prestige 6,15,278400,233040900
Prestige 6,16,326400,233088900
Prestige 6,17,379500,233142000
Prestige 6,18,437700,233200200
Prestige 6,19,501600,233264100
Prestige 6,20,571200,233333700
Prestige 6,21,646800,233409300
Prestige 6,22,728700,233491200
Prestige 6,23,816900,233579400
Prestige 6,24,912000,233674500
Prestige 6,25,1014000,233776500
Prestige 6,26,1123200,233885700
Prestige 6,27,1239900,234002400
Prestige 6,28,1364100,234126600
Prestige 6,29,1497000,234259500
Prestige 6,30,1639200,234401700
Prestige 6,31,1791600,234554100
Prestige 6,32,1955700,234718200
Prestige 6,33,2131500,234894000
Prestige 6,34,2319900,235082400
Prestige 6,35,2520900,235283400
Prestige 6,36,2735700,235498200
Prestige 6,37,2964000,235726500
Prestige 6,38,3206400,235968900
Prestige 6,39,3463500,236226000
Prestige 6,40,3735600,236498100
Prestige 6,41,4023000,236785500
Prestige 6,42,4326000,237088500
Prestige 6,43,4644900,237407400
Prestige 6,44,4980300,237742800
Prestige 6,45,5332500,238095000
Prestige 6,46,5702100,238464600
Prestige 6,47,6089400,238851900
Prestige 6,48,6494700,239257200
Prestige 6,49,6918300,239680800
Prestige 6,50,7360800,240123300
Prestige 6,51,7822500,240585000
Prestige 6,52,8303700,241066200
Prestige 6,53,8805000,241567500
Prestige 6,54,9326700,242089200
Prestige 6,55,9869100,242631600
Prestige 6,56,10432800,243195300
Prestige 6,57,11017800,243780300
Prestige 6,58,11624700,244387200
Prestige 6,59,12254100,245016600
Prestige 6,60,12915600,245678100
Prestige 6,61,13614600,246377100
Prestige 6,62,14342100,247104600
Prestige 6,63,15092100,247854600
Prestige 6,64,15875100,248637600
Prestige 6,65,16687500,249450000
Prestige 6,66,17529300,250291800
Prestige 6,67,18400500,251163000
Prestige 6,68,19301100,252063600
Prestige 6,69,20231100,252993600
Prestige 6,70,21190500,253953000
Prestige 6,71,22179300,254941800
Prestige 6,72,23197500,255960000
Prestige 6,73,24245100,257007600
Prestige 6,74,25322100,258084600
Prestige 6,75,26428500,259191000
Prestige 6,76,27564300,260326800
Prestige 6,77,28729500,261492000
Prestige 6,78,29924100,262686600
Prestige 6,79,31148100,263910600
Prestige 6,80,32401500,265164000
Prestige 6,81,33684300,266446800
Prestige 6,82,34996500,267759000
Prestige 6,83,36338100,269100600
Prestige 6,84,37709100,270471600
Prestige 6,85,39109500,271872000
Prestige 6,86,40539300,273301800
Prestige 6,87,41998500,274761000
Prestige 6,88,43487100,276249600
Prestige 6,89,45005100,277767600
Prestige 6,90,46552500,279315000
Prestige 7,1,1200,279316200
Prestige 7,2,3900,279318900
Prestige 7,3,8100,279323100
Prestige 7,4,14400,279329400
Prestige 7,5,22800,279337800
Prestige 7,6,33600,279348600
Prestige 7,7,47100,279362100
Prestige 7,8,63300,279378300
Prestige 7,9,82800,279397800
Prestige 7,10,105600,279420600
Prestige 7,11,132000,279447000
Prestige 7,12,162300,279477300
Prestige 7,13,196500,279511500
Prestige 7,14,235200,279550200
Prestige 7,15,278400,279593400
Prestige 7,16,326400,279641400
Prestige 7,17,379500,279694500
Prestige 7,18,437700,279752700
Prestige 7,19,501600,279816600
Prestige 7,20,571200,279886200
Prestige 7,21,646800,279961800
Prestige 7,22,728700,280043700
Prestige 7,23,816900,280131900
Prestige 7,24,912000,280227000
Prestige 7,25,1014000,280329000
Prestige 7,26,1123200,280438200
Prestige 7,27,1239900,280554900
Prestige 7,28,1364100,280679100
Prestige 7,29,1497000,280812000
Prestige 7,30,1639200,280954200
Prestige 7,31,1791600,281106600
Prestige 7,32,1955700,281270700
Prestige 7,33,2131500,281446500
Prestige 7,34,2319900,281634900
Prestige 7,35,2520900,281835900
Prestige 7,36,2735700,282050700
Prestige 7,37,2964000,282279000
Prestige 7,38,3206400,282521400
Prestige 7,39,3463500,282778500
Prestige 7,40,3735600,283050600
Prestige 7,41,4023000,283338000
Prestige 7,42,4326000,283641000
Prestige 7,43,4644900,283959900
Prestige 7,44,4980300,284295300
Prestige 7,45,5332500,284647500
Prestige 7,46,5702100,285017100
Prestige 7,47,6089400,285404400
Prestige 7,48,6494700,285809700
Prestige 7,49,6918300,286233300
Prestige 7,50,7360800,286675800
Prestige 7,51,7822500,287137500
Prestige 7,52,8303700,287618700
Prestige 7,53,8805000,288120000
Prestige 7,54,9326700,288641700
Prestige 7,55,9869100,289184100
Prestige 7,56,10432800,289747800
Prestige 7,57,11017800,290332800
Prestige 7,58,11624700,290939700
Prestige 7,59,12254100,291569100
Prestige 7,60,12915600,292230600
Prestige 7,61,13614600,292929600
Prestige 7,62,14342100,293657100
Prestige 7,63,15092100,294407100
Prestige 7,64,15875100,295190100
Prestige 7,65,16687500,296002500
Prestige 7,66,17529300,296844300
Prestige 7,67,18400500,297715500
Prestige 7,68,19301100,298616100
Prestige 7,69,20231100,299546100
Prestige 7,70,21190500,300505500
Prestige 7,71,22179300,301494300
Prestige 7,72,23197500,302512500
Prestige 7,73,24245100,303560100
Prestige 7,74,25322100,304637100
Prestige 7,75,26428500,305743500
Prestige 7,76,27564300,306879300
Prestige 7,77,28729500,308044500
Prestige 7,78,29924100,309239100
Prestige 7,79,31148100,310463100
Prestige 7,80,32401500,311716500
Prestige 7,81,33684300,312999300
Prestige 7,82,34996500,314311500
Prestige 7,83,36338100,315653100
Prestige 7,84,37709100,317024100
Prestige 7,85,39109500,318424500
Prestige 7,86,40539300,319854300
Prestige 7,87,41998500,321313500
Prestige 7,88,43487100,322802100
Prestige 7,89,45005100,324320100
Prestige 7,90,46552500,325867500
Prestige 8,1,1200,325868700
Prestige 8,2,3900,325871400
Prestige 8,3,8100,325875600
Prestige 8,4,14400,325881900
Prestige 8,5,22800,325890300
Prestige 8,6,33600,325901100
Prestige 8,7,47100,325914600
Prestige 8,8,63300,325930800
Prestige 8,9,82800,325950300
Prestige 8,10,105600,325973100
Prestige 8,11,132000,325999500
Prestige 8,12,162300,326029800
Prestige 8,13,196500,326064000
Prestige 8,14,235200,326102700
Prestige 8,15,278400,326145900
Prestige 8,16,326400,326193900
Prestige 8,17,379500,326247000
Prestige 8,18,437700,326305200
Prestige 8,19,501600,326369100
Prestige 8,20,571200,326438700
Prestige 8,21,646800,326514300
Prestige 8,22,728700,326596200
Prestige 8,23,816900,326684400
Prestige 8,24,912000,326779500
Prestige 8,25,1014000,326881500
Prestige 8,26,1123200,326990700
Prestige 8,27,1239900,327107400
Prestige 8,28,1364100,327231600
Prestige 8,29,1497000,327364500
Prestige 8,30,1639200,327506700
Prestige 8,31,1791600,327659100
Prestige 8,32,1955700,327823200
Prestige 8,33,2131500,327999000
Prestige 8,34,2319900,328187400
Prestige 8,35,2520900,328388400
Prestige 8,36,2735700,328603200
Prestige 8,37,2964000,328831500
Prestige 8,38,3206400,329073900
Prestige 8,39,3463500,329331000
Prestige 8,40,3735600,329603100
Prestige 8,41,4023000,329890500
Prestige 8,42,4326000,330193500
Prestige 8,43,4644900,330512400
Prestige 8,44,4980300,330847800
Prestige 8,45,5332500,331200000
Prestige 8,46,5702100,331569600
Prestige 8,47,6089400,331956900
Prestige 8,48,6494700,332362200
Prestige 8,49,6918300,332785800
Prestige 8,50,7360800,333228300
Prestige 8,51,7822500,333690000
Prestige 8,52,8303700,334171200
Prestige 8,53,8805000,334672500
Prestige 8,54,9326700,335194200
Prestige 8,55,9869100,335736600
Prestige 8,56,10432800,336300300
Prestige 8,57,11017800,336885300
Prestige 8,58,11624700,337492200
Prestige 8,59,12254100,338121600
Prestige 8,60,12915600,338783100
Prestige 8,61,13614600,339482100
Prestige 8,62,14342100,340209600
Prestige 8,63,15092100,340959600
Prestige 8,64,15875100,341742600
Prestige 8,65,16687500,342555000
Prestige 8,66,17529300,343396800
Prestige 8,67,18400500,344268000
Prestige 8,68,19301100,345168600
Prestige 8,69,20231100,346098600
Prestige 8,70,21190500,347058000
Prestige 8,71,22179300,348046800
Prestige 8,72,23197500,349065000
Prestige 8,73,24245100,350112600
Prestige 8,74,25322100,351189600
Prestige 8,75,26428500,352296000
Prestige 8,76,27564300,353431800
Prestige 8,77,28729500,354597000
Prestige 8,78,29924100,355791600
Prestige 8,79,31148100,357015600
Prestige 8,80,32401500,358269000
Prestige 8,81,33684300,359551800
Prestige 8,82,34996500,360864000
Prestige 8,83,36338100,362205600
Prestige 8,84,37709100,363576600
Prestige 8,85,39109500,364977000
Prestige 8,86,40539300,366406800
Prestige 8,87,41998500,367866000
Prestige 8,88,43487100,369354600
Prestige 8,89,45005100,370872600
Prestige 8,90,46552500,372420000
Prestige 9,1,1200,372421200
Prestige 9,2,3900,372423900
Prestige 9,3,8100,372428100
Prestige 9,4,14400,372434400
Prestige 9,5,22800,372442800
Prestige 9,6,33600,372453600
Prestige 9,7,47100,372467100
Prestige 9,8,63300,372483300
Prestige 9,9,82800,372502800
Prestige 9,10,105600,372525600
Prestige 9,11,132000,372552000
Prestige 9,12,162300,372582300
Prestige 9,13,196500,372616500
Prestige 9,14,235200,372655200
Prestige 9,15,278400,372698400
Prestige 9,16,326400,372746400
Prestige 9,17,379500,372799500
Prestige 9,18,437700,372857700
Prestige 9,19,501600,372921600
Prestige 9,20,571200,372991200
Prestige 9,21,646800,373066800
Prestige 9,22,728700,373148700
Prestige 9,23,816900,373236900
Prestige 9,24,912000,373332000
Prestige 9,25,1014000,373434000
Prestige 9,26,1123200,373543200
Prestige 9,27,1239900,373659900
Prestige 9,28,1364100,373784100
Prestige 9,29,1497000,373917000
Prestige 9,30,1639200,374059200
Prestige 9,31,1791600,374211600
Prestige 9,32,1955700,374375700
Prestige 9,33,2131500,374551500
Prestige 9,34,2319900,374739900
Prestige 9,35,2520900,374940900
Prestige 9,36,2735700,375155700
Prestige 9,37,2964000,375384000
Prestige 9,38,3206400,375626400
Prestige 9,39,3463500,375883500
Prestige 9,40,3735600,376155600
Prestige 9,41,4023000,376443000
Prestige 9,42,4326000,376746000
Prestige 9,43,4644900,377064900
Prestige 9,44,4980300,377400300
Prestige 9,45,5332500,377752500
Prestige 9,46,5702100,378122100
Prestige 9,47,6089400,378509400
Prestige 9,48,6494700,378914700
Prestige 9,49,6918300,379338300
Prestige 9,50,7360800,379780800
Prestige 9,51,7822500,380242500
Prestige 9,52,8303700,380723700
Prestige 9,53,8805000,381225000
Prestige 9,54,9326700,381746700
Prestige 9,55,9869100,382289100
Prestige 9,56,10432800,382852800
Prestige 9,57,11017800,383437800
Prestige 9,58,11624700,384044700
Prestige 9,59,12254100,384674100
Prestige 9,60,12915600,385335600
Prestige 9,61,13614600,386034600
Prestige 9,62,14342100,386762100
Prestige 9,63,15092100,387512100
Prestige 9,64,15875100,388295100
Prestige 9,65,16687500,389107500
Prestige 9,66,17529300,389949300
Prestige 9,67,18400500,390820500
Prestige 9,68,19301100,391721100
Prestige 9,69,20231100,392651100
Prestige 9,70,21190500,393610500
Prestige 9,71,22179300,394599300
Prestige 9,72,23197500,395617500
Prestige 9,73,24245100,396665100
Prestige 9,74,25322100,397742100
Prestige 9,75,26428500,398848500
Prestige 9,76,27564300,399984300
Prestige 9,77,28729500,401149500
Prestige 9,78,29924100,402344100
Prestige 9,79,31148100,403568100
Prestige 9,80,32401500,404821500
Prestige 9,81,33684300,406104300
Prestige 9,82,34996500,407416500
Prestige 9,83,36338100,408758100
Prestige 9,84,37709100,410129100
Prestige 9,85,39109500,411529500
Prestige 9,86,40539300,412959300
Prestige 9,87,41998500,414418500
Prestige 9,88,43487100,415907100
Prestige 9,89,45005100,417425100
Prestige 9,90,46552500,418972500
Prestige 10,1,1200,418973700
Prestige 10,2,3900,418976400
Prestige 10,3,8100,418980600
Prestige 10,4,14400,418986900
Prestige 10,5,22800,418995300
Prestige 10,6,33600,419006100
Prestige 10,7,47100,419019600
Prestige 10,8,63300,419035800
Prestige 10,9,82800,419055300
Prestige 10,10,105600,419078100
Prestige 10,11,132000,419104500
Prestige 10,12,162300,419134800
Prestige 10,13,196500,419169000
Prestige 10,14,235200,419207700
Prestige 10,15,278400,419250900
Prestige 10,16,326400,419298900
Prestige 10,17,379500,419352000
Prestige 10,18,437700,419410200
Prestige 10,19,501600,419474100
Prestige 10,20,571200,419543700
Prestige 10,21,646800,419619300
Prestige 10,22,728700,419701200
Prestige 10,23,816900,419789400
Prestige 10,24,912000,419884500
Prestige 10,25,1014000,419986500
Prestige 10,26,1123200,420095700
Prestige 10,27,1239900,420212400
Prestige 10,28,1364100,420336600
Prestige 10,29,1497000,420469500
Prestige 10,30,1639200,420611700
Prestige 10,31,1791600,420764100
Prestige 10,32,1955700,420928200
Prestige 10,33,2131500,421104000
Prestige 10,34,2319900,421292400
Prestige 10,35,2520900,421493400
Prestige 10,36,2735700,421708200
Prestige 10,37,2964000,421936500
Prestige 10,38,3206400,422178900
Prestige 10,39,3463500,422436000
Prestige 10,40,3735600,422708100
Prestige 10,41,4023000,422995500
Prestige 10,42,4326000,423298500
Prestige 10,43,4644900,423617400
Prestige 10,44,4980300,423952800
Prestige 10,45,5332500,424305000
Prestige 10,46,5702100,424674600
Prestige 10,47,6089400,425061900
Prestige 10,48,6494700,425467200
Prestige 10,49,6918300,425890800
Prestige 10,50,7360800,426333300
Prestige 10,51,7822500,426795000
Prestige 10,52,8303700,427276200
Prestige 10,53,8805000,427777500
Prestige 10,54,9326700,428299200
Prestige 10,55,9869100,428841600
Prestige 10,56,10432800,429405300
Prestige 10,57,11017800,429990300
Prestige 10,58,11624700,430597200
Prestige 10,59,12254100,431226600
Prestige 10,60,12915600,431888100
Prestige 10,61,13614600,432587100
Prestige 10,62,14342100,433314600
Prestige 10,63,15092100,434064600
Prestige 10,64,15875100,434847600
Prestige 10,65,16687500,435660000
Prestige 10,66,17529300,436501800
Prestige 10,67,18400500,437373000
Prestige 10,68,19301100,438273600
Prestige 10,69,20231100,439203600
Prestige 10,70,21190500,440163000
Prestige 10,71,22179300,441151800
Prestige 10,72,23197500,442170000
Prestige 10,73,24245100,443217600
Prestige 10,74,25322100,444294600
Prestige 10,75,26428500,445401000
Prestige 10,76,27564300,446536800
Prestige 10,77,28729500,447702000
Prestige 10,78,29924100,448896600
Prestige 10,79,31148100,450120600
Prestige 10,80,32401500,451374000
Prestige 10,81,33684300,452656800
Prestige 10,82,34996500,453969000
Prestige 10,83,36338100,455310600
Prestige 10,84,37709100,456681600
Prestige 10,85,39109500,458082000
Prestige 10,86,40539300,459511800
Prestige 10,87,41998500,460971000
Prestige 10,88,43487100,462459600
Prestige 10,89,45005100,463977600
Prestige 10,90,46552500,465525000
Prestige 11,1,1200,465526200
Prestige 11,2,3900,465528900
Prestige 11,3,8100,465533100
Prestige 11,4,14400,465539400
Prestige 11,5,22800,465547800
Prestige 11,6,33600,465558600
Prestige 11,7,47100,465572100
Prestige 11,8,63300,465588300
Prestige 11,9,82800,465607800
Prestige 11,10,105600,465630600
Prestige 11,11,132000,465657000
Prestige 11,12,162300,465687300
Prestige 11,13,196500,465721500
Prestige 11,14,235200,465760200
Prestige 11,15,278400,465803400
Prestige 11,16,326400,465851400
Prestige 11,17,379500,465904500
Prestige 11,18,437700,465962700
Prestige 11,19,501600,466026600
Prestige 11,20,571200,466096200
Prestige 11,21,646800,466171800
Prestige 11,22,728700,466253700
Prestige 11,23,816900,466341900
Prestige 11,24,912000,466437000
Prestige 11,25,1014000,466539000
Prestige 11,26,1123200,466648200
Prestige 11,27,1239900,466764900
Prestige 11,28,1364100,466889100
Prestige 11,29,1497000,467022000
Prestige 11,30,1639200,467164200
Prestige 11,31,1791600,467316600
Prestige 11,32,1955700,467480700
Prestige 11,33,2131500,467656500
Prestige 11,34,2319900,467844900
Prestige 11,35,2520900,468045900
Prestige 11,36,2735700,468260700
Prestige 11,37,2964000,468489000
Prestige 11,38,3206400,468731400
Prestige 11,39,3463500,468988500
Prestige 11,40,3735600,469260600
Prestige 11,41,4023000,469548000
Prestige 11,42,4326000,469851000
Prestige 11,43,4644900,470169900
Prestige 11,44,4980300,470505300
Prestige 11,45,5332500,470857500
Prestige 11,46,5702100,471227100
Prestige 11,47,6089400,471614400
Prestige 11,48,6494700,472019700
Prestige 11,49,6918300,472443300
Prestige 11,50,7360800,472885800
Prestige 11,51,7822500,473347500
Prestige 11,52,8303700,473828700
Prestige 11,53,8805000,474330000
Prestige 11,54,9326700,474851700
Prestige 11,55,9869100,475394100
Prestige 11,56,10432800,475957800
Prestige 11,57,11017800,476542800
Prestige 11,58,11624700,477149700
Prestige 11,59,12254100,477779100
Prestige 11,60,12915600,478440600
Prestige 11,61,13614600,479139600
Prestige 11,62,14342100,479867100
Prestige 11,63,15092100,480617100
Prestige 11,64,15875100,481400100
Prestige 11,65,16687500,482212500
Prestige 11,66,17529300,483054300
Prestige 11,67,18400500,483925500
Prestige 11,68,19301100,484826100
Prestige 11,69,20231100,485756100
Prestige 11,70,21190500,486715500
Prestige 11,71,22179300,487704300
Prestige 11,72,23197500,488722500
Prestige 11,73,24245100,489770100
Prestige 11,74,25322100,490847100
Prestige 11,75,26428500,491953500
Prestige 11,76,27564300,493089300
Prestige 11,77,28729500,494254500
Prestige 11,78,29924100,495449100
Prestige 11,79,31148100,496673100
Prestige 11,80,32401500,497926500
Prestige 11,81,33684300,499209300
Prestige 11,82,34996500,500521500
Prestige 11,83,36338100,501863100
Prestige 11,84,37709100,503234100
Prestige 11,85,39109500,504634500
Prestige 11,86,40539300,506064300
Prestige 11,87,41998500,507523500
Prestige 11,88,43487100,509012100
Prestige 11,89,45005100,510530100
Prestige 11,90,46552500,512077500
Prestige 12,1,1200,512078700
Prestige 12,2,3900,512081400
Prestige 12,3,8100,512085600
Prestige 12,4,14400,512091900
Prestige 12,5,22800,512100300
Prestige 12,6,33600,512111100
Prestige 12,7,47100,512124600
Prestige 12,8,63300,512140800
Prestige 12,9,82800,512160300
Prestige 12,10,105600,512183100
Prestige 12,11,132000,512209500
Prestige 12,12,162300,512239800
Prestige 12,13,196500,512274000
Prestige 12,14,235200,512312700
Prestige 12,15,278400,512355900
Prestige 12,16,326400,512403900
Prestige 12,17,379500,512457000
Prestige 12,18,437700,512515200
Prestige 12,19,501600,512579100
Prestige 12,20,571200,512648700
Prestige 12,21,646800,512724300
Prestige 12,22,728700,512806200
Prestige 12,23,816900,512894400
Prestige 12,24,912000,512989500
Prestige 12,25,1014000,513091500
Prestige 12,26,1123200,513200700
Prestige 12,27,1239900,513317400
Prestige 12,28,1364100,513441600
Prestige 12,29,1497000,513574500
Prestige 12,30,1639200,513716700
Prestige 12,31,1791600,513869100
Prestige 12,32,1955700,514033200
Prestige 12,33,2131500,514209000
Prestige 12,34,2319900,514397400
Prestige 12,35,2520900,514598400
Prestige 12,36,2735700,514813200
Prestige 12,37,2964000,515041500
Prestige 12,38,3206400,515283900
Prestige 12,39,3463500,515541000
Prestige 12,40,3735600,515813100
Prestige 12,41,4023000,516100500
Prestige 12,42,4326000,516403500
Prestige 12,43,4644900,516722400
Prestige 12,44,4980300,517057800
Prestige 12,45,5332500,517410000
Prestige 12,46,5702100,517779600
Prestige 12,47,6089400,518166900
Prestige 12,48,6494700,518572200
Prestige 12,49,6918300,518995800
Prestige 12,50,7360800,519438300
Prestige 12,51,7822500,519900000
Prestige 12,52,8303700,520381200
Prestige 12,53,8805000,520882500
Prestige 12,54,9326700,521404200
Prestige 12,55,9869100,521946600
Prestige 12,56,10432800,522510300
Prestige 12,57,11017800,523095300
Prestige 12,58,11624700,523702200
Prestige 12,59,12254100,524331600
Prestige 12,60,12915600,524993100
Prestige 12,61,13614600,525692100
Prestige 12,62,14342100,526419600
Prestige 12,63,15092100,527169600
Prestige 12,64,15875100,527952600
Prestige 12,65,16687500,528765000
Prestige 12,66,17529300,529606800
Prestige 12,67,18400500,530478000
Prestige 12,68,19301100,531378600
Prestige 12,69,20231100,532308600
Prestige 12,70,21190500,533268000
Prestige 12,71,22179300,534256800
Prestige 12,72,23197500,535275000
Prestige 12,73,24245100,536322600
Prestige 12,74,25322100,537399600
Prestige 12,75,26428500,538506000
Prestige 12,76,27564300,539641800
Prestige 12,77,28729500,540807000
Prestige 12,78,29924100,542001600
Prestige 12,79,31148100,543225600
Prestige 12,80,32401500,544479000
Prestige 12,81,33684300,545761800
Prestige 12,82,34996500,547074000
Prestige 12,83,36338100,548415600
Prestige 12,84,37709100,549786600
Prestige 12,85,39109500,551187000
Prestige 12,86,40539300,552616800
Prestige 12,87,41998500,554076000
Prestige 12,88,43487100,555564600
Prestige 12,89,45005100,557082600
Prestige 12,90,46552500,558630000
Prestige 13,1,1200,558631200
Prestige 13,2,3900,558633900
Prestige 13,3,8100,558638100
Prestige 13,4,14400,558644400
Prestige 13,5,22800,558652800
Prestige 13,6,33600,558663600
Prestige 13,7,47100,558677100
Prestige 13,8,63300,558693300
Prestige 13,9,82800,558712800
Prestige 13,10,105600,558735600
Prestige 13,11,132000,558762000
Prestige 13,12,162300,558792300
Prestige 13,13,196500,558826500
Prestige 13,14,235200,558865200
Prestige 13,15,278400,558908400
Prestige 13,16,326400,558956400
Prestige 13,17,379500,559009500
Prestige 13,18,437700,559067700
Prestige 13,19,501600,559131600
Prestige 13,20,571200,559201200
Prestige 13,21,646800,559276800
Prestige 13,22,728700,559358700
Prestige 13,23,816900,559446900
Prestige 13,24,912000,559542000
Prestige 13,25,1014000,559644000
Prestige 13,26,1123200,559753200
Prestige 13,27,1239900,559869900
Prestige 13,28,1364100,559994100
Prestige 13,29,1497000,560127000
Prestige 13,30,1639200,560269200
Prestige 13,31,1791600,560421600
Prestige 13,32,1955700,560585700
Prestige 13,33,2131500,560761500
Prestige 13,34,2319900,560949900
Prestige 13,35,2520900,561150900
Prestige 13,36,2735700,561365700
Prestige 13,37,2964000,561594000
Prestige 13,38,3206400,561836400
Prestige 13,39,3463500,562093500
Prestige 13,40,3735600,562365600
Prestige 13,41,4023000,562653000
Prestige 13,42,4326000,562956000
Prestige 13,43,4644900,563274900
Prestige 13,44,4980300,563610300
Prestige 13,45,5332500,563962500
Prestige 13,46,5702100,564332100
Prestige 13,47,6089400,564719400
Prestige 13,48,6494700,565124700
Prestige 13,49,6918300,565548300
Prestige 13,50,7360800,565990800
Prestige 13,51,7822500,566452500
Prestige 13,52,8303700,566933700
Prestige 13,53,8805000,567435000
Prestige 13,54,9326700,567956700
Prestige 13,55,9869100,568499100
Prestige 13,56,10432800,569062800
Prestige 13,57,11017800,569647800
Prestige 13,58,11624700,570254700
Prestige 13,59,12254100,570884100
Prestige 13,60,12915600,571545600
Prestige 13,61,13614600,572244600
Prestige 13,62,14342100,572972100
Prestige 13,63,15092100,573722100
Prestige 13,64,15875100,574505100
Prestige 13,65,16687500,575317500
Prestige 13,66,17529300,576159300
Prestige 13,67,18400500,577030500
Prestige 13,68,19301100,577931100
Prestige 13,69,20231100,578861100
Prestige 13,70,21190500,579820500
Prestige 13,71,22179300,580809300
Prestige 13,72,23197500,581827500
Prestige 13,73,24245100,582875100
Prestige 13,74,25322100,583952100
Prestige 13,75,26428500,585058500
Prestige 13,76,27564300,586194300
Prestige 13,77,28729500,587359500
Prestige 13,78,29924100,588554100
Prestige 13,79,31148100,589778100
Prestige 13,80,32401500,591031500
Prestige 13,81,33684300,592314300
Prestige 13,82,34996500,593626500
Prestige 13,83,36338100,594968100
Prestige 13,84,37709100,596339100
Prestige 13,85,39109500,597739500
Prestige 13,86,40539300,599169300
Prestige 13,87,41998500,600628500
Prestige 13,88,43487100,602117100
Prestige 13,89,45005100,603635100
Prestige 13,90,46552500,605182500
Prestige 14,1,1200,605183700
Prestige 14,2,3900,605186400
Prestige 14,3,8100,605190600
Prestige 14,4,14400,605196900
Prestige 14,5,22800,605205300
Prestige 14,6,33600,605216100
Prestige 14,7,47100,605229600
Prestige 14,8,63300,605245800
Prestige 14,9,82800,605265300
Prestige 14,10,105600,605288100
Prestige 14,11,132000,605314500
Prestige 14,12,162300,605344800
Prestige 14,13,196500,605379000
Prestige 14,14,235200,605417700
Prestige 14,15,278400,605460900
Prestige 14,16,326400,605508900
Prestige 14,17,379500,605562000
Prestige 14,18,437700,605620200
Prestige 14,19,501600,605684100
Prestige 14,20,571200,605753700
Prestige 14,21,646800,605829300
Prestige 14,22,728700,605911200
Prestige 14,23,816900,605999400
Prestige 14,24,912000,606094500
Prestige 14,25,1014000,606196500
Prestige 14,26,1123200,606305700
Prestige 14,27,1239900,606422400
Prestige 14,28,1364100,606546600
Prestige 14,29,1497000,606679500
Prestige 14,30,1639200,606821700
Prestige 14,31,1791600,606974100
Prestige 14,32,1955700,607138200
Prestige 14,33,2131500,607314000
Prestige 14,34,2319900,607502400
Prestige 14,35,2520900,607703400
Prestige 14,36,2735700,607918200
Prestige 14,37,2964000,608146500
Prestige 14,38,3206400,608388900
Prestige 14,39,3463500,608646000
Prestige 14,40,3735600,608918100
Prestige 14,41,4023000,609205500
Prestige 14,42,4326000,609508500
Prestige 14,43,4644900,609827400
Prestige 14,44,4980300,610162800
Prestige 14,45,5332500,610515000
Prestige 14,46,5702100,610884600
Prestige 14,47,6089400,611271900
Prestige 14,48,6494700,611677200
Prestige 14,49,6918300,612100800
Prestige 14,50,7360800,612543300
Prestige 14,51,7822500,613005000
Prestige 14,52,8303700,613486200
Prestige 14,53,8805000,613987500
Prestige 14,54,9326700,614509200
Prestige 14,55,9869100,615051600
Prestige 14,56,10432800,615615300
Prestige 14,57,11017800,616200300
Prestige 14,58,11624700,616807200
Prestige 14,59,12254100,617436600
Prestige 14,60,12915600,618098100
Prestige 14,61,13614600,618797100
Prestige 14,62,14342100,619524600
Prestige 14,63,15092100,620274600
Prestige 14,64,15875100,621057600
Prestige 14,65,16687500,621870000
Prestige 14,66,17529300,622711800
Prestige 14,67,18400500,623583000
Prestige 14,68,19301100,624483600
Prestige 14,69,20231100,625413600
Prestige 14,70,21190500,626373000
Prestige 14,71,22179300,627361800
Prestige 14,72,23197500,628380000
Prestige 14,73,24245100,629427600
Prestige 14,74,25322100,630504600
Prestige 14,75,26428500,631611000
Prestige 14,76,27564300,632746800
Prestige 14,77,28729500,633912000
Prestige 14,78,29924100,635106600
Prestige 14,79,31148100,636330600
Prestige 14,80,32401500,637584000
Prestige 14,81,33684300,638866800
Prestige 14,82,34996500,640179000
Prestige 14,83,36338100,641520600
Prestige 14,84,37709100,642891600
Prestige 14,85,39109500,644292000
Prestige 14,86,40539300,645721800
Prestige 14,87,41998500,647181000
Prestige 14,88,43487100,648669600
Prestige 14,89,45005100,650187600
Prestige 14,90,46552500,651735000
Prestige 15,1,1200,651736200
Prestige 15,2,3900,651738900
Prestige 15,3,8100,651743100
Prestige 15,4,14400,651749400
Prestige 15,5,22800,651757800
Prestige 15,6,33600,651768600
Prestige 15,7,47100,651782100
Prestige 15,8,63300,651798300
Prestige 15,9,82800,651817800
Prestige 15,10,105600,651840600
Prestige 15,11,132000,651867000
Prestige 15,12,162300,651897300
Prestige 15,13,196500,651931500
Prestige 15,14,235200,651970200
Prestige 15,15,278400,652013400
Prestige 15,16,326400,652061400
Prestige 15,17,379500,652114500
Prestige 15,18,437700,652172700
Prestige 15,19,501600,652236600
Prestige 15,20,571200,652306200
Prestige 15,21,646800,652381800
Prestige 15,22,728700,652463700
Prestige 15,23,816900,652551900
Prestige 15,24,912000,652647000
Prestige 15,25,1014000,652749000
Prestige 15,26,1123200,652858200
Prestige 15,27,1239900,652974900
Prestige 15,28,1364100,653099100
Prestige 15,29,1497000,653232000
Prestige 15,30,1639200,653374200
Prestige 15,31,1791600,653526600
Prestige 15,32,1955700,653690700
Prestige 15,33,2131500,653866500
Prestige 15,34,2319900,654054900
Prestige 15,35,2520900,654255900
Prestige 15,36,2735700,654470700
Prestige 15,37,2964000,654699000
Prestige 15,38,3206400,654941400
Prestige 15,39,3463500,655198500
Prestige 15,40,3735600,655470600
Prestige 15,41,4023000,655758000
Prestige 15,42,4326000,656061000
Prestige 15,43,4644900,656379900
Prestige 15,44,4980300,656715300
Prestige 15,45,5332500,657067500
Prestige 15,46,5702100,657437100
Prestige 15,47,6089400,657824400
Prestige 15,48,6494700,658229700
Prestige 15,49,6918300,658653300
Prestige 15,50,7360800,659095800
Prestige 15,51,7822500,659557500
Prestige 15,52,8303700,660038700
Prestige 15,53,8805000,660540000
Prestige 15,54,9326700,661061700
Prestige 15,55,9869100,661604100
Prestige 15,56,10432800,662167800
Prestige 15,57,11017800,662752800
Prestige 15,58,11624700,663359700
Prestige 15,59,12254100,663989100
Prestige 15,60,12915600,664650600
Prestige 15,61,13614600,665349600
Prestige 15,62,14342100,666077100
Prestige 15,63,15092100,666827100
Prestige 15,64,15875100,667610100
Prestige 15,65,16687500,668422500
Prestige 15,66,17529300,669264300
Prestige 15,67,18400500,670135500
Prestige 15,68,19301100,671036100
Prestige 15,69,20231100,671966100
Prestige 15,70,21190500,672925500
Prestige 15,71,22179300,673914300
Prestige 15,72,23197500,674932500
Prestige 15,73,24245100,675980100
Prestige 15,74,25322100,677057100
Prestige 15,75,26428500,678163500
Prestige 15,76,27564300,679299300
Prestige 15,77,28729500,680464500
Prestige 15,78,29924100,681659100
Prestige 15,79,31148100,682883100
Prestige 15,80,32401500,684136500
Prestige 15,81,33684300,685419300
Prestige 15,82,34996500,686731500
Prestige 15,83,36338100,688073100
Prestige 15,84,37709100,689444100
Prestige 15,85,39109500,690844500
Prestige 15,86,40539300,692274300
Prestige 15,87,41998500,693733500
Prestige 15,88,43487100,695222100
Prestige 15,89,45005100,696740100
Prestige 15,90,46552500,698287500
Prestige 16,1,1200,698288700
Prestige 16,2,3900,698291400
Prestige 16,3,8100,698295600
Prestige 16,4,14400,698301900
Prestige 16,5,22800,698310300
Prestige 16,6,33600,698321100
Prestige 16,7,47100,698334600
Prestige 16,8,63300,698350800
Prestige 16,9,82800,698370300
Prestige 16,10,105600,698393100
Prestige 16,11,132000,698419500
Prestige 16,12,162300,698449800
Prestige 16,13,196500,698484000
Prestige 16,14,235200,698522700
Prestige 16,15,278400,698565900
Prestige 16,16,326400,698613900
Prestige 16,17,379500,698667000
Prestige 16,18,437700,698725200
Prestige 16,19,501600,698789100
Prestige 16,20,571200,698858700
Prestige 16,21,646800,698934300
Prestige 16,22,728700,699016200
Prestige 16,23,816900,699104400
Prestige 16,24,912000,699199500
Prestige 16,25,1014000,699301500
Prestige 16,26,1123200,699410700
Prestige 16,27,1239900,699527400
Prestige 16,28,1364100,699651600
Prestige 16,29,1497000,699784500
Prestige 16,30,1639200,699926700
Prestige 16,31,1791600,700079100
Prestige 16,32,1955700,700243200
Prestige 16,33,2131500,700419000
Prestige 16,34,2319900,700607400
Prestige 16,35,2520900,700808400
Prestige 16,36,2735700,701023200
Prestige 16,37,2964000,701251500
Prestige 16,38,3206400,701493900
Prestige 16,39,3463500,701751000
Prestige 16,40,3735600,702023100
Prestige 16,41,4023000,702310500
Prestige 16,42,4326000,702613500
Prestige 16,43,4644900,702932400
Prestige 16,44,4980300,703267800
Prestige 16,45,5332500,703620000
Prestige 16,46,5702100,703989600
Prestige 16,47,6089400,704376900
Prestige 16,48,6494700,704782200
Prestige 16,49,6918300,705205800
Prestige 16,50,7360800,705648300
Prestige 16,51,7822500,706110000
Prestige 16,52,8303700,706591200
Prestige 16,53,8805000,707092500
Prestige 16,54,9326700,707614200
Prestige 16,55,9869100,708156600
Prestige 16,56,10432800,708720300
Prestige 16,57,11017800,709305300
Prestige 16,58,11624700,709912200
Prestige 16,59,12254100,710541600
Prestige 16,60,12915600,711203100
Prestige 16,61,13614600,711902100
Prestige 16,62,14342100,712629600
Prestige 16,63,15092100,713379600
Prestige 16,64,15875100,714162600
Prestige 16,65,16687500,714975000
Prestige 16,66,17529300,715816800
Prestige 16,67,18400500,716688000
Prestige 16,68,19301100,717588600
Prestige 16,69,20231100,718518600
Prestige 16,70,21190500,719478000
Prestige 16,71,22179300,720466800
Prestige 16,72,23197500,721485000
Prestige 16,73,24245100,722532600
Prestige 16,74,25322100,723609600
Prestige 16,75,26428500,724716000
Prestige 16,76,27564300,725851800
Prestige 16,77,28729500,727017000
Prestige 16,78,29924100,728211600
Prestige 16,79,31148100,729435600
Prestige 16,80,32401500,730689000
Prestige 16,81,33684300,731971800
Prestige 16,82,34996500,733284000
Prestige 16,83,36338100,734625600
Prestige 16,84,37709100,735996600
Prestige 16,85,39109500,737397000
Prestige 16,86,40539300,738826800
Prestige 16,87,41998500,740286000
Prestige 16,88,43487100,741774600
Prestige 16,89,45005100,743292600
Prestige 16,90,46552500,744840000
Prestige 17,1,1200,744841200
Prestige 17,2,3900,744843900
Prestige 17,3,8100,744848100
Prestige 17,4,14400,744854400
Prestige 17,5,22800,744862800
Prestige 17,6,33600,744873600
Prestige 17,7,47100,744887100
Prestige 17,8,63300,744903300
Prestige 17,9,82800,744922800
Prestige 17,10,105600,744945600
Prestige 17,11,132000,744972000
Prestige 17,12,162300,745002300
Prestige 17,13,196500,745036500
Prestige 17,14,235200,745075200
Prestige 17,15,278400,745118400
Prestige 17,16,326400,745166400
Prestige 17,17,379500,745219500
Prestige 17,18,437700,745277700
Prestige 17,19,501600,745341600
Prestige 17,20,571200,745411200
Prestige 17,21,646800,745486800
Prestige 17,22,728700,745568700
Prestige 17,23,816900,745656900
Prestige 17,24,912000,745752000
Prestige 17,25,1014000,745854000
Prestige 17,26,1123200,745963200
Prestige 17,27,1239900,746079900
Prestige 17,28,1364100,746204100
Prestige 17,29,1497000,746337000
Prestige 17,30,1639200,746479200
Prestige 17,31,1791600,746631600
Prestige 17,32,1955700,746795700
Prestige 17,33,2131500,746971500
Prestige 17,34,2319900,747159900
Prestige 17,35,2520900,747360900
Prestige 17,36,2735700,747575700
Prestige 17,37,2964000,747804000
Prestige 17,38,3206400,748046400
Prestige 17,39,3463500,748303500
Prestige 17,40,3735600,748575600
Prestige 17,41,4023000,748863000
Prestige 17,42,4326000,749166000
Prestige 17,43,4644900,749484900
Prestige 17,44,4980300,749820300
Prestige 17,45,5332500,750172500
Prestige 17,46,5702100,750542100
Prestige 17,47,6089400,750929400
Prestige 17,48,6494700,751334700
Prestige 17,49,6918300,751758300
Prestige 17,50,7360800,752200800
Prestige 17,51,7822500,752662500
Prestige 17,52,8303700,753143700
Prestige 17,53,8805000,753645000
Prestige 17,54,9326700,754166700
Prestige 17,55,9869100,754709100
Prestige 17,56,10432800,755272800
Prestige 17,57,11017800,755857800
Prestige 17,58,11624700,756464700
Prestige 17,59,12254100,757094100
Prestige 17,60,12915600,757755600
Prestige 17,61,13614600,758454600
Prestige 17,62,14342100,759182100
Prestige 17,63,15092100,759932100
Prestige 17,64,15875100,760715100
Prestige 17,65,16687500,761527500
Prestige 17,66,17529300,762369300
Prestige 17,67,18400500,763240500
Prestige 17,68,19301100,764141100
Prestige 17,69,20231100,765071100
Prestige 17,70,21190500,766030500
Prestige 17,71,22179300,767019300
Prestige 17,72,23197500,768037500
Prestige 17,73,24245100,769085100
Prestige 17,74,25322100,770162100
Prestige 17,75,26428500,771268500
Prestige 17,76,27564300,772404300
Prestige 17,77,28729500,773569500
Prestige 17,78,29924100,774764100
Prestige 17,79,31148100,775988100
Prestige 17,80,32401500,777241500
Prestige 17,81,33684300,778524300
Prestige 17,82,34996500,779836500
Prestige 17,83,36338100,781178100
Prestige 17,84,37709100,782549100
Prestige 17,85,39109500,783949500
Prestige 17,86,40539300,785379300
Prestige 17,87,41998500,786838500
Prestige 17,88,43487100,788327100
Prestige 17,89,45005100,789845100
Prestige 17,90,46552500,791392500
Prestige 18,1,1200,791393700
Prestige 18,2,3900,791396400
Prestige 18,3,8100,791400600
Prestige 18,4,14400,791406900
Prestige 18,5,22800,791415300
Prestige 18,6,33600,791426100
Prestige 18,7,47100,791439600
Prestige 18,8,63300,791455800
Prestige 18,9,82800,791475300
Prestige 18,10,105600,791498100
Prestige 18,11,132000,791524500
Prestige 18,12,162300,791554800
Prestige 18,13,196500,791589000
Prestige 18,14,235200,791627700
Prestige 18,15,278400,791670900
Prestige 18,16,326400,791718900
Prestige 18,17,379500,791772000
Prestige 18,18,437700,791830200
Prestige 18,19,501600,791894100
Prestige 18,20,571200,791963700
Prestige 18,21,646800,792039300
Prestige 18,22,728700,792121200
Prestige 18,23,816900,792209400
Prestige 18,24,912000,792304500
Prestige 18,25,1014000,792406500
Prestige 18,26,1123200,792515700
Prestige 18,27,1239900,792632400
Prestige 18,28,1364100,792756600
Prestige 18,29,1497000,792889500
Prestige 18,30,1639200,793031700
Prestige 18,31,1791600,793184100
Prestige 18,32,1955700,793348200
Prestige 18,33,2131500,793524000
Prestige 18,34,2319900,793712400
Prestige 18,35,2520900,793913400
Prestige 18,36,2735700,794128200
Prestige 18,37,2964000,794356500
Prestige 18,38,3206400,794598900
Prestige 18,39,3463500,794856000
Prestige 18,40,3735600,795128100
Prestige 18,41,4023000,795415500
Prestige 18,42,4326000,795718500
Prestige 18,43,4644900,796037400
Prestige 18,44,4980300,796372800
Prestige 18,45,5332500,796725000
Prestige 18,46,5702100,797094600
Prestige 18,47,6089400,797481900
Prestige 18,48,6494700,797887200
Prestige 18,49,6918300,798310800
Prestige 18,50,7360800,798753300
Prestige 18,51,7822500,799215000
Prestige 18,52,8303700,799696200
Prestige 18,53,8805000,800197500
Prestige 18,54,9326700,800719200
Prestige 18,55,9869100,801261600
Prestige 18,56,10432800,801825300
Prestige 18,57,11017800,802410300
Prestige 18,58,11624700,803017200
Prestige 18,59,12254100,803646600
Prestige 18,60,12915600,804308100
Prestige 18,61,13614600,805007100
Prestige 18,62,14342100,805734600
Prestige 18,63,15092100,806484600
Prestige 18,64,15875100,807267600
Prestige 18,65,16687500,808080000
Prestige 18,66,17529300,808921800
Prestige 18,67,18400500,809793000
Prestige 18,68,19301100,810693600
Prestige 18,69,20231100,811623600
Prestige 18,70,21190500,812583000
Prestige 18,71,22179300,813571800
Prestige 18,72,23197500,814590000
Prestige 18,73,24245100,815637600
Prestige 18,74,25322100,816714600
Prestige 18,75,26428500,817821000
Prestige 18,76,27564300,818956800
Prestige 18,77,28729500,820122000
Prestige 18,78,29924100,821316600
Prestige 18,79,31148100,822540600
Prestige 18,80,32401500,823794000
Prestige 18,81,33684300,825076800
Prestige 18,82,34996500,826389000
Prestige 18,83,36338100,827730600
Prestige 18,84,37709100,829101600
Prestige 18,85,39109500,830502000
Prestige 18,86,40539300,831931800
Prestige 18,87,41998500,833391000
Prestige 18,88,43487100,834879600
Prestige 18,89,45005100,836397600
Prestige 18,90,46552500,837945000
Prestige 19,1,1200,837946200
Prestige 19,2,3900,837948900
Prestige 19,3,8100,837953100
Prestige 19,4,14400,837959400
Prestige 19,5,22800,837967800
Prestige 19,6,33600,837978600
Prestige 19,7,47100,837992100
Prestige 19,8,63300,838008300
Prestige 19,9,82800,838027800
Prestige 19,10,105600,838050600
Prestige 19,11,132000,838077000
Prestige 19,12,162300,838107300
Prestige 19,13,196500,838141500
Prestige 19,14,235200,838180200
Prestige 19,15,278400,838223400
Prestige 19,16,326400,838271400
Prestige 19,17,379500,838324500
Prestige 19,18,437700,838382700
Prestige 19,19,501600,838446600
Prestige 19,20,571200,838516200
Prestige 19,21,646800,838591800
Prestige 19,22,728700,838673700
Prestige 19,23,816900,838761900
Prestige 19,24,912000,838857000
Prestige 19,25,1014000,838959000
Prestige 19,26,1123200,839068200
Prestige 19,27,1239900,839184900
Prestige 19,28,1364100,839309100
Prestige 19,29,1497000,839442000
Prestige 19,30,1639200,839584200
Prestige 19,31,1791600,839736600
Prestige 19,32,1955700,839900700
Prestige 19,33,2131500,840076500
Prestige 19,34,2319900,840264900
Prestige 19,35,2520900,840465900
Prestige 19,36,2735700,840680700
Prestige 19,37,2964000,840909000
Prestige 19,38,3206400,841151400
Prestige 19,39,3463500,841408500
Prestige 19,40,3735600,841680600
Prestige 19,41,4023000,841968000
Prestige 19,42,4326000,842271000
Prestige 19,43,4644900,842589900
Prestige 19,44,4980300,842925300
Prestige 19,45,5332500,843277500
Prestige 19,46,5702100,843647100
Prestige 19,47,6089400,844034400
Prestige 19,48,6494700,844439700
Prestige 19,49,6918300,844863300
Prestige 19,50,7360800,845305800
Prestige 19,51,7822500,845767500
Prestige 19,52,8303700,846248700
Prestige 19,53,8805000,846750000
Prestige 19,54,9326700,847271700
Prestige 19,55,9869100,847814100
Prestige 19,56,10432800,848377800
Prestige 19,57,11017800,848962800
Prestige 19,58,11624700,849569700
Prestige 19,59,12254100,850199100
Prestige 19,60,12915600,850860600
Prestige 19,61,13614600,851559600
Prestige 19,62,14342100,852287100
Prestige 19,63,15092100,853037100
Prestige 19,64,15875100,853820100
Prestige 19,65,16687500,854632500
Prestige 19,66,17529300,855474300
Prestige 19,67,18400500,856345500
Prestige 19,68,19301100,857246100
Prestige 19,69,20231100,858176100
Prestige 19,70,21190500,859135500
Prestige 19,71,22179300,860124300
Prestige 19,72,23197500,861142500
Prestige 19,73,24245100,862190100
Prestige 19,74,25322100,863267100
Prestige 19,75,26428500,864373500
Prestige 19,76,27564300,865509300
Prestige 19,77,28729500,866674500
Prestige 19,78,29924100,867869100
Prestige 19,79,31148100,869093100
Prestige 19,80,32401500,870346500
Prestige 19,81,33684300,871629300
Prestige 19,82,34996500,872941500
Prestige 19,83,36338100,874283100
Prestige 19,84,37709100,875654100
Prestige 19,85,39109500,877054500
Prestige 19,86,40539300,878484300
Prestige 19,87,41998500,879943500
Prestige 19,88,43487100,881432100
Prestige 19,89,45005100,882950100
Prestige 19,90,46552500,884497500
Prestige 20,1,1200,884498700
Prestige 20,2,3900,884501400
Prestige 20,3,8100,884505600
Prestige 20,4,14400,884511900
Prestige 20,5,22800,884520300
Prestige 20,6,33600,884531100
Prestige 20,7,47100,884544600
Prestige 20,8,63300,884560800
Prestige 20,9,82800,884580300
Prestige 20,10,105600,884603100
Prestige 20,11,132000,884629500
Prestige 20,12,162300,884659800
Prestige 20,13,196500,884694000
Prestige 20,14,235200,884732700
Prestige 20,15,278400,884775900
Prestige 20,16,326400,884823900
Prestige 20,17,379500,884877000
Prestige 20,18,437700,884935200
Prestige 20,19,501600,884999100
Prestige 20,20,571200,885068700
Prestige 20,21,646800,885144300
Prestige 20,22,728700,885226200
Prestige 20,23,816900,885314400
Prestige 20,24,912000,885409500
Prestige 20,25,1014000,885511500
Prestige 20,26,1123200,885620700
Prestige 20,27,1239900,885737400
Prestige 20,28,1364100,885861600
Prestige 20,29,1497000,885994500
Prestige 20,30,1639200,886136700
Prestige 20,31,1791600,886289100
Prestige 20,32,1955700,886453200
Prestige 20,33,2131500,886629000
Prestige 20,34,2319900,886817400
Prestige 20,35,2520900,887018400
Prestige 20,36,2735700,887233200
Prestige 20,37,2964000,887461500
Prestige 20,38,3206400,887703900
Prestige 20,39,3463500,887961000
Prestige 20,40,3735600,888233100
Prestige 20,41,4023000,888520500
Prestige 20,42,4326000,888823500
Prestige 20,43,4644900,889142400
Prestige 20,44,4980300,889477800
Prestige 20,45,5332500,889830000
Prestige 20,46,5702100,890199600
Prestige 20,47,6089400,890586900
Prestige 20,48,6494700,890992200
Prestige 20,49,6918300,891415800
Prestige 20,50,7360800,891858300
Prestige 20,51,7822500,892320000
Prestige 20,52,8303700,892801200
Prestige 20,53,8805000,893302500
Prestige 20,54,9326700,893824200
Prestige 20,55,9869100,894366600
Prestige 20,56,10432800,894930300
Prestige 20,57,11017800,895515300
Prestige 20,58,11624700,896122200
Prestige 20,59,12254100,896751600
Prestige 20,60,12915600,897413100
Prestige 20,61,13614600,898112100
Prestige 20,62,14342100,898839600
Prestige 20,63,15092100,899589600
Prestige 20,64,15875100,900372600
Prestige 20,65,16687500,901185000
Prestige 20,66,17529300,902026800
Prestige 20,67,18400500,902898000
Prestige 20,68,19301100,903798600
Prestige 20,69,20231100,904728600
Prestige 20,70,21190500,905688000
Prestige 20,71,22179300,906676800
Prestige 20,72,23197500,907695000
Prestige 20,73,24245100,908742600
Prestige 20,74,25322100,909819600
Prestige 20,75,26428500,910926000
Prestige 20,76,27564300,912061800
Prestige 20,77,28729500,913227000
Prestige 20,78,29924100,914421600
Prestige 20,79,31148100,915645600
Prestige 20,80,32401500,916899000
Prestige 20,81,33684300,918181800
Prestige 20,82,34996500,919494000
Prestige 20,83,36338100,920835600
Prestige 20,84,37709100,922206600
Prestige 20,85,39109500,923607000
Prestige 20,86,40539300,925036800
Prestige 20,87,41998500,926496000
Prestige 20,88,43487100,927984600
Prestige 20,89,45005100,929502600
Prestige 20,90,46552500,931050000
Master Prestige,91,1656800,932706800
Master Prestige,92,1676200,932726200
Master Prestige,93,1695600,932745600
Master Prestige,94,1715000,932765000
Master Prestige,95,1734400,932784400
Master Prestige,96,1753800,932803800
Master Prestige,97,1773200,932823200
Master Prestige,98,1792600,932842600
Master Prestige,99,1812000,932862000
Master Prestige,100,1831400,932881400
Master Prestige,101,1850800,932900800
Master Prestige,102,1870200,932920200
Master Prestige,103,1889600,932939600
Master Prestige,104,1909000,932959000
Master Prestige,105,1928400,932978400
Master Prestige,106,1947800,932997800
Master Prestige,107,1967200,933017200
Master Prestige,108,1986600,933036600
Master Prestige,109,2006000,933056000
Master Prestige,110,2025400,933075400
Master Prestige,111,2044800,933094800
Master Prestige,112,2064200,933114200
Master Prestige,113,2083600,933133600
Master Prestige,114,2103000,933153000
Master Prestige,115,2122400,933172400
Master Prestige,116,2141800,933191800
Master Prestige,117,2161200,933211200
Master Prestige,118,2180600,933230600
Master Prestige,119,2200000,933250000
Master Prestige,120,2219400,933269400
Master Prestige,121,2238800,933288800
Master Prestige,122,2258200,933308200
Master Prestige,123,2277600,933327600
Master Prestige,124,2297000,933347000
Master Prestige,125,2316400,933366400
Master Prestige,126,2335800,933385800
Master Prestige,127,2355200,933405200
Master Prestige,128,2374600,933424600
Master Prestige,129,2394000,933444000
Master Prestige,130,2413400,933463400
Master Prestige,131,2432800,933482800
Master Prestige,132,2452200,933502200
Master Prestige,133,2471600,933521600
Master Prestige,134,2491000,933541000
Master Prestige,135,2510400,933560400
Master Prestige,136,2529800,933579800
Master Prestige,137,2549200,933599200
Master Prestige,138,2568600,933618600
Master Prestige,139,2588000,933638000
Master Prestige,140,2607400,933657400
Master Prestige,141,2626800,933676800
Master Prestige,142,2646200,933696200
Master Prestige,143,2665600,933715600
Master Prestige,144,2685000,933735000
Master Prestige,145,2704400,933754400
Master Prestige,146,2723800,933773800
Master Prestige,147,2743200,933793200
Master Prestige,148,2762600,933812600
Master Prestige,149,2782000,933832000
Master Prestige,150,2801400,933851400
Master Prestige,151,2820800,933870800
Master Prestige,152,2840200,933890200
Master Prestige,153,2859600,933909600
Master Prestige,154,2879000,933929000
Master Prestige,155,2898400,933948400
Master Prestige,156,2917800,933967800
Master Prestige,157,2937200,933987200
Master Prestige,158,2956600,934006600
Master Prestige,159,2976000,934026000
Master Prestige,160,2995400,934045400
Master Prestige,161,3014800,934064800
Master Prestige,162,3034200,934084200
Master Prestige,163,3053600,934103600
Master Prestige,164,3073000,934123000
Master Prestige,165,3092400,934142400
Master Prestige,166,3111800,934161800
Master Prestige,167,3131200,934181200
Master Prestige,168,3150600,934200600
Master Prestige,169,3170000,934220000
Master Prestige,170,3189400,934239400
Master Prestige,171,3208800,934258800
Master Prestige,172,3228200,934278200
Master Prestige,173,3247600,934297600
Master Prestige,174,3267000,934317000
Master Prestige,175,3286400,934336400
Master Prestige,176,3305800,934355800
Master Prestige,177,3325200,934375200
Master Prestige,178,3344600,934394600
Master Prestige,179,3364000,934414000
Master Prestige,180,3383400,934433400
Master Prestige,181,3402800,934452800
Master Prestige,182,3422200,934472200
Master Prestige,183,3441600,934491600
Master Prestige,184,3461000,934511000
Master Prestige,185,3480400,934530400
Master Prestige,186,3499800,934549800
Master Prestige,187,3519200,934569200
Master Prestige,188,3538600,934588600
Master Prestige,189,3558000,934608000
Master Prestige,190,3577400,934627400
Master Prestige,191,3596800,934646800
Master Prestige,192,3616200,934666200
Master Prestige,193,3635600,934685600
Master Prestige,194,3655000,934705000
Master Prestige,195,3674400,934724400
Master Prestige,196,3693800,934743800
Master Prestige,197,3713200,934763200
Master Prestige,198,3732600,934782600
Master Prestige,199,3752000,934802000
Master Prestige,200,3771400,934821400
Master Prestige,201,3790800,934840800
Master Prestige,202,3810200,934860200
Master Prestige,203,3829600,934879600
Master Prestige,204,3849000,934899000
Master Prestige,205,3868400,934918400
Master Prestige,206,3887800,934937800
Master Prestige,207,3907200,934957200
Master Prestige,208,3926600,934976600
Master Prestige,209,3946000,934996000
Master Prestige,210,3965400,935015400
Master Prestige,211,3984800,935034800
Master Prestige,212,4004200,935054200
Master Prestige,213,4023600,935073600
Master Prestige,214,4043000,935093000
Master Prestige,215,4062400,935112400
Master Prestige,216,4081800,935131800
Master Prestige,217,4101200,935151200
Master Prestige,218,4120600,935170600
Master Prestige,219,4140000,935190000
Master Prestige,220,4159400,935209400
Master Prestige,221,4178800,935228800
Master Prestige,222,4198200,935248200
Master Prestige,223,4217600,935267600
Master Prestige,224,4237000,935287000
Master Prestige,225,4256400,935306400
Master Prestige,226,4275800,935325800
Master Prestige,227,4295200,935345200
Master Prestige,228,4314600,935364600
Master Prestige,229,4334000,935384000
Master Prestige,230,4353400,935403400
Master Prestige,231,4372800,935422800
Master Prestige,232,4392200,935442200
Master Prestige,233,4411600,935461600
Master Prestige,234,4431000,935481000
Master Prestige,235,4450400,935500400
Master Prestige,236,4469800,935519800
Master Prestige,237,4489200,935539200
Master Prestige,238,4508600,935558600
Master Prestige,239,4528000,935578000
Master Prestige,240,4547400,935597400
Master Prestige,241,4566800,935616800
Master Prestige,242,4586200,935636200
Master Prestige,243,4605600,935655600
Master Prestige,244,4625000,935675000
Master Prestige,245,4644400,935694400
Master Prestige,246,4663800,935713800
Master Prestige,247,4683200,935733200
Master Prestige,248,4702600,935752600
Master Prestige,249,4722000,935772000
Master Prestige,250,4741400,935791400
Master Prestige,251,4760800,935810800
Master Prestige,252,4780200,935830200
Master Prestige,253,4799600,935849600
Master Prestige,254,4819000,935869000
Master Prestige,255,4838400,935888400
Master Prestige,256,4857800,935907800
Master Prestige,257,4877200,935927200
Master Prestige,258,4896600,935946600
Master Prestige,259,4916000,935966000
Master Prestige,260,4935400,935985400
Master Prestige,261,4954800,936004800
Master Prestige,262,4974200,936024200
Master Prestige,263,4993600,936043600
Master Prestige,264,5013000,936063000
Master Prestige,265,5032400,936082400
Master Prestige,266,5051800,936101800
Master Prestige,267,5071200,936121200
Master Prestige,268,5090600,936140600
Master Prestige,269,5110000,936160000
Master Prestige,270,5129400,936179400
Master Prestige,271,5148800,936198800
Master Prestige,272,5168200,936218200
Master Prestige,273,5187600,936237600
Master Prestige,274,5207000,936257000
Master Prestige,275,5226400,936276400
Master Prestige,276,5245800,936295800
Master Prestige,277,5265200,936315200
Master Prestige,278,5284600,936334600
Master Prestige,279,5304000,936354000
Master Prestige,280,5323400,936373400
Master Prestige,281,5342800,936392800
Master Prestige,282,5362200,936412200
Master Prestige,283,5381600,936431600
Master Prestige,284,5401000,936451000
Master Prestige,285,5420400,936470400
Master Prestige,286,5439800,936489800
Master Prestige,287,5459200,936509200
Master Prestige,288,5478600,936528600
Master Prestige,289,5498000,936548000
Master Prestige,290,5517400,936567400
Master Prestige,291,5536800,936586800
Master Prestige,292,5556200,936606200
Master Prestige,293,5575600,936625600
Master Prestige,294,5595000,936645000
Master Prestige,295,5614400,936664400
Master Prestige,296,5633800,936683800
Master Prestige,297,5653200,936703200
Master Prestige,298,5672600,936722600
Master Prestige,299,5692000,936742000
Master Prestige,300,5711400,936761400
Master Prestige,301,5730800,936780800
Master Prestige,302,5750200,936800200
Master Prestige,303,5769600,936819600
Master Prestige,304,5789000,936839000
Master Prestige,305,5808400,936858400
Master Prestige,306,5827800,936877800
Master Prestige,307,5847200,936897200
Master Prestige,308,5866600,936916600
Master Prestige,309,5886000,936936000
Master Prestige,310,5905400,936955400
Master Prestige,311,5924800,936974800
Master Prestige,312,5944200,936994200
Master Prestige,313,5963600,937013600
Master Prestige,314,5983000,937033000
Master Prestige,315,6002400,937052400
Master Prestige,316,6021800,937071800
Master Prestige,317,6041200,937091200
Master Prestige,318,6060600,937110600
Master Prestige,319,6080000,937130000
Master Prestige,320,6099400,937149400
Master Prestige,321,6118800,937168800
Master Prestige,322,6138200,937188200
Master Prestige,323,6157600,937207600
Master Prestige,324,6177000,937227000
Master Prestige,325,6196400,937246400
Master Prestige,326,6215800,937265800
Master Prestige,327,6235200,937285200
Master Prestige,328,6254600,937304600
Master Prestige,329,6274000,937324000
Master Prestige,330,6293400,937343400
Master Prestige,331,6312800,937362800
Master Prestige,332,6332200,937382200
Master Prestige,333,6351600,937401600
Master Prestige,334,6371000,937421000
Master Prestige,335,6390400,937440400
Master Prestige,336,6409800,937459800
Master Prestige,337,6429200,937479200
Master Prestige,338,6448600,937498600
Master Prestige,339,6468000,937518000
Master Prestige,340,6487400,937537400
Master Prestige,341,6506800,937556800
Master Prestige,342,6526200,937576200
Master Prestige,343,6545600,937595600
Master Prestige,344,6565000,937615000
Master Prestige,345,6584400,937634400
Master Prestige,346,6603800,937653800
Master Prestige,347,6623200,937673200
Master Prestige,348,6642600,937692600
Master Prestige,349,6662000,937712000
Master Prestige,350,6681400,937731400
Master Prestige,351,6700800,937750800
Master Prestige,352,6720200,937770200
Master Prestige,353,6739600,937789600
Master Prestige,354,6759000,937809000
Master Prestige,355,6778400,937828400
Master Prestige,356,6797800,937847800
Master Prestige,357,6817200,937867200
Master Prestige,358,6836600,937886600
Master Prestige,359,6856000,937906000
Master Prestige,360,6875400,937925400
Master Prestige,361,6894800,937944800
Master Prestige,362,6914200,937964200
Master Prestige,363,6933600,937983600
Master Prestige,364,6953000,938003000
Master Prestige,365,6972400,938022400
Master Prestige,366,6991800,938041800
Master Prestige,367,7011200,938061200
Master Prestige,368,7030600,938080600
Master Prestige,369,7050000,938100000
Master Prestige,370,7069400,938119400
Master Prestige,371,7088800,938138800
Master Prestige,372,7108200,938158200
Master Prestige,373,7127600,938177600
Master Prestige,374,7147000,938197000
Master Prestige,375,7166400,938216400
Master Prestige,376,7185800,938235800
Master Prestige,377,7205200,938255200
Master Prestige,378,7224600,938274600
Master Prestige,379,7244000,938294000
Master Prestige,380,7263400,938313400
Master Prestige,381,7282800,938332800
Master Prestige,382,7302200,938352200
Master Prestige,383,7321600,938371600
Master Prestige,384,7341000,938391000
Master Prestige,385,7360400,938410400
Master Prestige,386,7379800,938429800
Master Prestige,387,7399200,938449200
Master Prestige,388,7418600,938468600
Master Prestige,389,7438000,938488000
Master Prestige,390,7457400,938507400
Master Prestige,391,7476800,938526800
Master Prestige,392,7496200,938546200
Master Prestige,393,7515600,938565600
Master Prestige,394,7535000,938585000
Master Prestige,395,7554400,938604400
Master Prestige,396,7573800,938623800
Master Prestige,397,7593200,938643200
Master Prestige,398,7612600,938662600
Master Prestige,399,7632000,938682000
Master Prestige,400,7651400,938701400
Master Prestige,401,7670800,938720800
Master Prestige,402,7690200,938740200
Master Prestige,403,7709600,938759600
Master Prestige,404,7729000,938779000
Master Prestige,405,7748400,938798400
Master Prestige,406,7767800,938817800
Master Prestige,407,7787200,938837200
Master Prestige,408,7806600,938856600
Master Prestige,409,7826000,938876000
Master Prestige,410,7845400,938895400
Master Prestige,411,7864800,938914800
Master Prestige,412,7884200,938934200
Master Prestige,413,7903600,938953600
Master Prestige,414,7923000,938973000
Master Prestige,415,7942400,938992400
Master Prestige,416,7961800,939011800
Master Prestige,417,7981200,939031200
Master Prestige,418,8000600,939050600
Master Prestige,419,8020000,939070000
Master Prestige,420,8039400,939089400
Master Prestige,421,8058800,939108800
Master Prestige,422,8078200,939128200
Master Prestige,423,8097600,939147600
Master Prestige,424,8117000,939167000
Master Prestige,425,8136400,939186400
Master Prestige,426,8155800,939205800
Master Prestige,427,8175200,939225200
Master Prestige,428,8194600,939244600
Master Prestige,429,8214000,939264000
Master Prestige,430,8233400,939283400
Master Prestige,431,8252800,939302800
Master Prestige,432,8272200,939322200
Master Prestige,433,8291600,939341600
Master Prestige,434,8311000,939361000
Master Prestige,435,8330400,939380400
Master Prestige,436,8349800,939399800
Master Prestige,437,8369200,939419200
Master Prestige,438,8388600,939438600
Master Prestige,439,8408000,939458000
Master Prestige,440,8427400,939477400
Master Prestige,441,8446800,939496800
Master Prestige,442,8466200,939516200
Master Prestige,443,8485600,939535600
Master Prestige,444,8505000,939555000
Master Prestige,445,8524400,939574400
Master Prestige,446,8543800,939593800
Master Prestige,447,8563200,939613200
Master Prestige,448,8582600,939632600
Master Prestige,449,8602000,939652000
Master Prestige,450,8621400,939671400
Master Prestige,451,8640800,939690800
Master Prestige,452,8660200,939710200
Master Prestige,453,8679600,939729600
Master Prestige,454,8699000,939749000
Master Prestige,455,8718400,939768400
Master Prestige,456,8737800,939787800
Master Prestige,457,8757200,939807200
Master Prestige,458,8776600,939826600
Master Prestige,459,8796000,939846000
Master Prestige,460,8815400,939865400
Master Prestige,461,8834800,939884800
Master Prestige,462,8854200,939904200
Master Prestige,463,8873600,939923600
Master Prestige,464,8893000,939943000
Master Prestige,465,8912400,939962400
Master Prestige,466,8931800,939981800
Master Prestige,467,8951200,940001200
Master Prestige,468,8970600,940020600
Master Prestige,469,8990000,940040000
Master Prestige,470,9009400,940059400
Master Prestige,471,9028800,940078800
Master Prestige,472,9048200,940098200
Master Prestige,473,9067600,940117600
Master Prestige,474,9087000,940137000
Master Prestige,475,9106400,940156400
Master Prestige,476,9125800,940175800
Master Prestige,477,9145200,940195200
Master Prestige,478,9164600,940214600
Master Prestige,479,9184000,940234000
Master Prestige,480,9203400,940253400
Master Prestige,481,9222800,940272800
Master Prestige,482,9242200,940292200
Master Prestige,483,9261600,940311600
Master Prestige,484,9281000,940331000
Master Prestige,485,9300400,940350400
Master Prestige,486,9319800,940369800
Master Prestige,487,9339200,940389200
Master Prestige,488,9358600,940408600
Master Prestige,489,9378000,940428000
Master Prestige,490,9397400,940447400
Master Prestige,491,9416800,940466800
Master Prestige,492,9436200,940486200
Master Prestige,493,9455600,940505600
Master Prestige,494,9475000,940525000
Master Prestige,495,9494400,940544400
Master Prestige,496,9513800,940563800
Master Prestige,497,9533200,940583200
Master Prestige,498,9552600,940602600
Master Prestige,499,9572000,940622000
Master Prestige,500,9591400,940641400
Master Prestige,501,9610800,940660800
Master Prestige,502,9630200,940680200
Master Prestige,503,9649600,940699600
Master Prestige,504,9669000,940719000
Master Prestige,505,9688400,940738400
Master Prestige,506,9707800,940757800
Master Prestige,507,9727200,940777200
Master Prestige,508,9746600,940796600
Master Prestige,509,9766000,940816000
Master Prestige,510,9785400,940835400
Master Prestige,511,9804800,940854800
Master Prestige,512,9824200,940874200
Master Prestige,513,9843600,940893600
Master Prestige,514,9863000,940913000
Master Prestige,515,9882400,940932400
Master Prestige,516,9901800,940951800
Master Prestige,517,9921200,940971200
Master Prestige,518,9940600,940990600
Master Prestige,519,9960000,941010000
Master Prestige,520,9979400,941029400
Master Prestige,521,9998800,941048800
Master Prestige,522,10018200,941068200
Master Prestige,523,10037600,941087600
Master Prestige,524,10057000,941107000
Master Prestige,525,10076400,941126400
Master Prestige,526,10095800,941145800
Master Prestige,527,10115200,941165200
Master Prestige,528,10134600,941184600
Master Prestige,529,10154000,941204000
Master Prestige,530,10173400,941223400
Master Prestige,531,10192800,941242800
Master Prestige,532,10212200,941262200
Master Prestige,533,10231600,941281600
Master Prestige,534,10251000,941301000
Master Prestige,535,10270400,941320400
Master Prestige,536,10289800,941339800
Master Prestige,537,10309200,941359200
Master Prestige,538,10328600,941378600
Master Prestige,539,10348000,941398000
Master Prestige,540,10367400,941417400
Master Prestige,541,10386800,941436800
Master Prestige,542,10406200,941456200
Master Prestige,543,10425600,941475600
Master Prestige,544,10445000,941495000
Master Prestige,545,10464400,941514400
Master Prestige,546,10483800,941533800
Master Prestige,547,10503200,941553200
Master Prestige,548,10522600,941572600
Master Prestige,549,10542000,941592000
Master Prestige,550,10561400,941611400
Master Prestige,551,10580800,941630800
Master Prestige,552,10600200,941650200
Master Prestige,553,10619600,941669600
Master Prestige,554,10639000,941689000
Master Prestige,555,10658400,941708400
Master Prestige,556,10677800,941727800
Master Prestige,557,10697200,941747200
Master Prestige,558,10716600,941766600
Master Prestige,559,10736000,941786000
Master Prestige,560,10755400,941805400
Master Prestige,561,10774800,941824800
Master Prestige,562,10794200,941844200
Master Prestige,563,10813600,941863600
Master Prestige,564,10833000,941883000
Master Prestige,565,10852400,941902400
Master Prestige,566,10871800,941921800
Master Prestige,567,10891200,941941200
Master Prestige,568,10910600,941960600
Master Prestige,569,10930000,941980000
Master Prestige,570,10949400,941999400
Master Prestige,571,10968800,942018800
Master Prestige,572,10988200,942038200
Master Prestige,573,11007600,942057600
Master Prestige,574,11027000,942077000
Master Prestige,575,11046400,942096400
Master Prestige,576,11065800,942115800
Master Prestige,577,11085200,942135200
Master Prestige,578,11104600,942154600
Master Prestige,579,11124000,942174000
Master Prestige,580,11143400,942193400
Master Prestige,581,11162800,942212800
Master Prestige,582,11182200,942232200
Master Prestige,583,11201600,942251600
Master Prestige,584,11221000,942271000
Master Prestige,585,11240400,942290400
Master Prestige,586,11259800,942309800
Master Prestige,587,11279200,942329200
Master Prestige,588,11298600,942348600
Master Prestige,589,11318000,942368000
Master Prestige,590,11337400,942387400
Master Prestige,591,11356800,942406800
Master Prestige,592,11376200,942426200
Master Prestige,593,11395600,942445600
Master Prestige,594,11415000,942465000
Master Prestige,595,11434400,942484400
Master Prestige,596,11453800,942503800
Master Prestige,597,11473200,942523200
Master Prestige,598,11492600,942542600
Master Prestige,599,11512000,942562000
Master Prestige,600,11531400,942581400
Master Prestige,601,11550800,942600800
Master Prestige,602,11570200,942620200
Master Prestige,603,11589600,942639600
Master Prestige,604,11609000,942659000
Master Prestige,605,11628400,942678400
Master Prestige,606,11647800,942697800
Master Prestige,607,11667200,942717200
Master Prestige,608,11686600,942736600
Master Prestige,609,11706000,942756000
Master Prestige,610,11725400,942775400
Master Prestige,611,11744800,942794800
Master Prestige,612,11764200,942814200
Master Prestige,613,11783600,942833600
Master Prestige,614,11803000,942853000
Master Prestige,615,11822400,942872400
Master Prestige,616,11841800,942891800
Master Prestige,617,11861200,942911200
Master Prestige,618,11880600,942930600
Master Prestige,619,11900000,942950000
Master Prestige,620,11919400,942969400
Master Prestige,621,11938800,942988800
Master Prestige,622,11958200,943008200
Master Prestige,623,11977600,943027600
Master Prestige,624,11997000,943047000
Master Prestige,625,12016400,943066400
Master Prestige,626,12035800,943085800
Master Prestige,627,12055200,943105200
Master Prestige,628,12074600,943124600
Master Prestige,629,12094000,943144000
Master Prestige,630,12113400,943163400
Master Prestige,631,12132800,943182800
Master Prestige,632,12152200,943202200
Master Prestige,633,12171600,943221600
Master Prestige,634,12191000,943241000
Master Prestige,635,12210400,943260400
Master Prestige,636,12229800,943279800
Master Prestige,637,12249200,943299200
Master Prestige,638,12268600,943318600
Master Prestige,639,12288000,943338000
Master Prestige,640,12307400,943357400
Master Prestige,641,12326800,943376800
Master Prestige,642,12346200,943396200
Master Prestige,643,12365600,943415600
Master Prestige,644,12385000,943435000
Master Prestige,645,12404400,943454400
Master Prestige,646,12423800,943473800
Master Prestige,647,12443200,943493200
Master Prestige,648,12462600,943512600
Master Prestige,649,12482000,943532000
Master Prestige,650,12501400,943551400
Master Prestige,651,12520800,943570800
Master Prestige,652,12540200,943590200
Master Prestige,653,12559600,943609600
Master Prestige,654,12579000,943629000
Master Prestige,655,12598400,943648400
Master Prestige,656,12617800,943667800
Master Prestige,657,12637200,943687200
Master Prestige,658,12656600,943706600
Master Prestige,659,12676000,943726000
Master Prestige,660,12695400,943745400
Master Prestige,661,12714800,943764800
Master Prestige,662,12734200,943784200
Master Prestige,663,12753600,943803600
Master Prestige,664,12773000,943823000
Master Prestige,665,12792400,943842400
Master Prestige,666,12811800,943861800
Master Prestige,667,12831200,943881200
Master Prestige,668,12850600,943900600
Master Prestige,669,12870000,943920000
Master Prestige,670,12889400,943939400
Master Prestige,671,12908800,943958800
Master Prestige,672,12928200,943978200
Master Prestige,673,12947600,943997600
Master Prestige,674,12967000,944017000
Master Prestige,675,12986400,944036400
Master Prestige,676,13005800,944055800
Master Prestige,677,13025200,944075200
Master Prestige,678,13044600,944094600
Master Prestige,679,13064000,944114000
Master Prestige,680,13083400,944133400
Master Prestige,681,13102800,944152800
Master Prestige,682,13122200,944172200
Master Prestige,683,13141600,944191600
Master Prestige,684,13161000,944211000
Master Prestige,685,13180400,944230400
Master Prestige,686,13199800,944249800
Master Prestige,687,13219200,944269200
Master Prestige,688,13238600,944288600
Master Prestige,689,13258000,944308000
Master Prestige,690,13277400,944327400
Master Prestige,691,13296800,944346800
Master Prestige,692,13316200,944366200
Master Prestige,693,13335600,944385600
Master Prestige,694,13355000,944405000
Master Prestige,695,13374400,944424400
Master Prestige,696,13393800,944443800
Master Prestige,697,13413200,944463200
Master Prestige,698,13432600,944482600
Master Prestige,699,13452000,944502000
Master Prestige,700,13471400,944521400
Master Prestige,701,13490800,944540800
Master Prestige,702,13510200,944560200
Master Prestige,703,13529600,944579600
Master Prestige,704,13549000,944599000
Master Prestige,705,13568400,944618400
Master Prestige,706,13587800,944637800
Master Prestige,707,13607200,944657200
Master Prestige,708,13626600,944676600
Master Prestige,709,13646000,944696000
Master Prestige,710,13665400,944715400
Master Prestige,711,13684800,944734800
Master Prestige,712,13704200,944754200
Master Prestige,713,13723600,944773600
Master Prestige,714,13743000,944793000
Master Prestige,715,13762400,944812400
Master Prestige,716,13781800,944831800
Master Prestige,717,13801200,944851200
Master Prestige,718,13820600,944870600
Master Prestige,719,13840000,944890000
Master Prestige,720,13859400,944909400
Master Prestige,721,13878800,944928800
Master Prestige,722,13898200,944948200
Master Prestige,723,13917600,944967600
Master Prestige,724,13937000,944987000
Master Prestige,725,13956400,945006400
Master Prestige,726,13975800,945025800
Master Prestige,727,13995200,945045200
Master Prestige,728,14014600,945064600
Master Prestige,729,14034000,945084000
Master Prestige,730,14053400,945103400
Master Prestige,731,14072800,945122800
Master Prestige,732,14092200,945142200
Master Prestige,733,14111600,945161600
Master Prestige,734,14131000,945181000
Master Prestige,735,14150400,945200400
Master Prestige,736,14169800,945219800
Master Prestige,737,14189200,945239200
Master Prestige,738,14208600,945258600
Master Prestige,739,14228000,945278000
Master Prestige,740,14247400,945297400
Master Prestige,741,14266800,945316800
Master Prestige,742,14286200,945336200
Master Prestige,743,14305600,945355600
Master Prestige,744,14325000,945375000
Master Prestige,745,14344400,945394400
Master Prestige,746,14363800,945413800
Master Prestige,747,14383200,945433200
Master Prestige,748,14402600,945452600
Master Prestige,749,14422000,945472000
Master Prestige,750,14441400,945491400
Master Prestige,751,14460800,945510800
Master Prestige,752,14480200,945530200
Master Prestige,753,14499600,945549600
Master Prestige,754,14519000,945569000
Master Prestige,755,14538400,945588400
Master Prestige,756,14557800,945607800
Master Prestige,757,14577200,945627200
Master Prestige,758,14596600,945646600
Master Prestige,759,14616000,945666000
Master Prestige,760,14635400,945685400
Master Prestige,761,14654800,945704800
Master Prestige,762,14674200,945724200
Master Prestige,763,14693600,945743600
Master Prestige,764,14713000,945763000
Master Prestige,765,14732400,945782400
Master Prestige,766,14751800,945801800
Master Prestige,767,14771200,945821200
Master Prestige,768,14790600,945840600
Master Prestige,769,14810000,945860000
Master Prestige,770,14829400,945879400
Master Prestige,771,14848800,945898800
Master Prestige,772,14868200,945918200
Master Prestige,773,14887600,945937600
Master Prestige,774,14907000,945957000
Master Prestige,775,14926400,945976400
Master Prestige,776,14945800,945995800
Master Prestige,777,14965200,946015200
Master Prestige,778,14984600,946034600
Master Prestige,779,15004000,946054000
Master Prestige,780,15023400,946073400
Master Prestige,781,15042800,946092800
Master Prestige,782,15062200,946112200
Master Prestige,783,15081600,946131600
Master Prestige,784,15101000,946151000
Master Prestige,785,15120400,946170400
Master Prestige,786,15139800,946189800
Master Prestige,787,15159200,946209200
Master Prestige,788,15178600,946228600
Master Prestige,789,15198000,946248000
Master Prestige,790,15217400,946267400
Master Prestige,791,15236800,946286800
Master Prestige,792,15256200,946306200
Master Prestige,793,15275600,946325600
Master Prestige,794,15295000,946345000
Master Prestige,795,15314400,946364400
Master Prestige,796,15333800,946383800
Master Prestige,797,15353200,946403200
Master Prestige,798,15372600,946422600
Master Prestige,799,15392000,946442000
Master Prestige,800,15411400,946461400
Master Prestige,801,15430800,946480800
Master Prestige,802,15450200,946500200
Master Prestige,803,15469600,946519600
Master Prestige,804,15489000,946539000
Master Prestige,805,15508400,946558400
Master Prestige,806,15527800,946577800
Master Prestige,807,15547200,946597200
Master Prestige,808,15566600,946616600
Master Prestige,809,15586000,946636000
Master Prestige,810,15605400,946655400
Master Prestige,811,15624800,946674800
Master Prestige,812,15644200,946694200
Master Prestige,813,15663600,946713600
Master Prestige,814,15683000,946733000
Master Prestige,815,15702400,946752400
Master Prestige,816,15721800,946771800
Master Prestige,817,15741200,946791200
Master Prestige,818,15760600,946810600
Master Prestige,819,15780000,946830000
Master Prestige,820,15799400,946849400
Master Prestige,821,15818800,946868800
Master Prestige,822,15838200,946888200
Master Prestige,823,15857600,946907600
Master Prestige,824,15877000,946927000
Master Prestige,825,15896400,946946400
Master Prestige,826,15915800,946965800
Master Prestige,827,15935200,946985200
Master Prestige,828,15954600,947004600
Master Prestige,829,15974000,947024000
Master Prestige,830,15993400,947043400
Master Prestige,831,16012800,947062800
Master Prestige,832,16032200,947082200
Master Prestige,833,16051600,947101600
Master Prestige,834,16071000,947121000
Master Prestige,835,16090400,947140400
Master Prestige,836,16109800,947159800
Master Prestige,837,16129200,947179200
Master Prestige,838,16148600,947198600
Master Prestige,839,16168000,947218000
Master Prestige,840,16187400,947237400
Master Prestige,841,16206800,947256800
Master Prestige,842,16226200,947276200
Master Prestige,843,16245600,947295600
Master Prestige,844,16265000,947315000
Master Prestige,845,16284400,947334400
Master Prestige,846,16303800,947353800
Master Prestige,847,16323200,947373200
Master Prestige,848,16342600,947392600
Master Prestige,849,16362000,947412000
Master Prestige,850,16381400,947431400
Master Prestige,851,16400800,947450800
Master Prestige,852,16420200,947470200
Master Prestige,853,16439600,947489600
Master Prestige,854,16459000,947509000
Master Prestige,855,16478400,947528400
Master Prestige,856,16497800,947547800
Master Prestige,857,16517200,947567200
Master Prestige,858,16536600,947586600
Master Prestige,859,16556000,947606000
Master Prestige,860,16575400,947625400
Master Prestige,861,16594800,947644800
Master Prestige,862,16614200,947664200
Master Prestige,863,16633600,947683600
Master Prestige,864,16653000,947703000
Master Prestige,865,16672400,947722400
Master Prestige,866,16691800,947741800
Master Prestige,867,16711200,947761200
Master Prestige,868,16730600,947780600
Master Prestige,869,16750000,947800000
Master Prestige,870,16769400,947819400
Master Prestige,871,16788800,947838800
Master Prestige,872,16808200,947858200
Master Prestige,873,16827600,947877600
Master Prestige,874,16847000,947897000
Master Prestige,875,16866400,947916400
Master Prestige,876,16885800,947935800
Master Prestige,877,16905200,947955200
Master Prestige,878,16924600,947974600
Master Prestige,879,16944000,947994000
Master Prestige,880,16963400,948013400
Master Prestige,881,16982800,948032800
Master Prestige,882,17002200,948052200
Master Prestige,883,17021600,948071600
Master Prestige,884,17041000,948091000
Master Prestige,885,17060400,948110400
Master Prestige,886,17079800,948129800
Master Prestige,887,17099200,948149200
Master Prestige,888,17118600,948168600
Master Prestige,889,17138000,948188000
Master Prestige,890,17157400,948207400
Master Prestige,891,17176800,948226800
Master Prestige,892,17196200,948246200
Master Prestige,893,17215600,948265600
Master Prestige,894,17235000,948285000
Master Prestige,895,17254400,948304400
Master Prestige,896,17273800,948323800
Master Prestige,897,17293200,948343200
Master Prestige,898,17312600,948362600
Master Prestige,899,17332000,948382000
Master Prestige,900,17351400,948401400
Master Prestige,901,17370800,948420800
Master Prestige,902,17390200,948440200
Master Prestige,903,17409600,948459600
Master Prestige,904,17429000,948479000
Master Prestige,905,17448400,948498400
Master Prestige,906,17467800,948517800
Master Prestige,907,17487200,948537200
Master Prestige,908,17506600,948556600
Master Prestige,909,17526000,948576000
Master Prestige,910,17545400,948595400
Master Prestige,911,17564800,948614800
Master Prestige,912,17584200,948634200
Master Prestige,913,17603600,948653600
Master Prestige,914,17623000,948673000
Master Prestige,915,17642400,948692400
Master Prestige,916,17661800,948711800
Master Prestige,917,17681200,948731200
Master Prestige,918,17700600,948750600
Master Prestige,919,17720000,948770000
Master Prestige,920,17739400,948789400
Master Prestige,921,17758800,948808800
Master Prestige,922,17778200,948828200
Master Prestige,923,17797600,948847600
Master Prestige,924,17817000,948867000
Master Prestige,925,17836400,948886400
Master Prestige,926,17855800,948905800
Master Prestige,927,17875200,948925200
Master Prestige,928,17894600,948944600
Master Prestige,929,17914000,948964000
Master Prestige,930,17933400,948983400
Master Prestige,931,17952800,949002800
Master Prestige,932,17972200,949022200
Master Prestige,933,17991600,949041600
Master Prestige,934,18011000,949061000
Master Prestige,935,18030400,949080400
Master Prestige,936,18049800,949099800
Master Prestige,937,18069200,949119200
Master Prestige,938,18088600,949138600
Master Prestige,939,18108000,949158000
Master Prestige,940,18127400,949177400
Master Prestige,941,18146800,949196800
Master Prestige,942,18166200,949216200
Master Prestige,943,18185600,949235600
Master Prestige,944,18205000,949255000
Master Prestige,945,18224400,949274400
Master Prestige,946,18243800,949293800
Master Prestige,947,18263200,949313200
Master Prestige,948,18282600,949332600
Master Prestige,949,18302000,949352000
Master Prestige,950,18321400,949371400
Master Prestige,951,18340800,949390800
Master Prestige,952,18360200,949410200
Master Prestige,953,18379600,949429600
Master Prestige,954,18399000,949449000
Master Prestige,955,18418400,949468400
Master Prestige,956,18437800,949487800
Master Prestige,957,18457200,949507200
Master Prestige,958,18476600,949526600
Master Prestige,959,18496000,949546000
Master Prestige,960,18515400,949565400
Master Prestige,961,18534800,949584800
Master Prestige,962,18554200,949604200
Master Prestige,963,18573600,949623600
Master Prestige,964,18593000,949643000
Master Prestige,965,18612400,949662400
Master Prestige,966,18631800,949681800
Master Prestige,967,18651200,949701200
Master Prestige,968,18670600,949720600
Master Prestige,969,18690000,949740000
Master Prestige,970,18709400,949759400
Master Prestige,971,18728800,949778800
Master Prestige,972,18748200,949798200
Master Prestige,973,18767600,949817600
Master Prestige,974,18787000,949837000
Master Prestige,975,18806400,949856400
Master Prestige,976,18825800,949875800
Master Prestige,977,18845200,949895200
Master Prestige,978,18864600,949914600
Master Prestige,979,18884000,949934000
Master Prestige,980,18903400,949953400
Master Prestige,981,18922800,949972800
Master Prestige,982,18942200,949992200
Master Prestige,983,18961600,950011600
Master Prestige,984,18981000,950031000
Master Prestige,985,19000400,950050400
Master Prestige,986,19019800,950069800
Master Prestige,987,19039200,950089200
Master Prestige,988,19058600,950108600
Master Prestige,989,19078000,950128000
Master Prestige,990,19097400,950147400
Master Prestige,991,19116800,950166800
Master Prestige,992,19136200,950186200
Master Prestige,993,19155600,950205600
Master Prestige,994,19175000,950225000
Master Prestige,995,19194400,950244400
Master Prestige,996,19213800,950263800
Master Prestige,997,19233200,950283200
Master Prestige,998,19252600,950302600
Master Prestige,999,19272000,950322000
Master Prestige,1000,19291400,950341400
